[
    {
        "pk": 18, 
        "model": "contenttypes.contenttype", 
        "fields": {
            "model": "accessentry", 
            "name": "access entry", 
            "app_label": "acls"
        }
    }, 
    {
        "pk": 9, 
        "model": "contenttypes.contenttype", 
        "fields": {
            "model": "agency", 
            "name": "agency", 
            "app_label": "agencies"
        }
    }, 
    {
        "pk": 26, 
        "model": "contenttypes.contenttype", 
        "fields": {
            "model": "anonymoususersingleton", 
            "name": "anonymous user", 
            "app_label": "common"
        }
    }, 
    {
        "pk": 33, 
        "model": "contenttypes.contenttype", 
        "fields": {
            "model": "antivirus", 
            "name": "antivirus tool", 
            "app_label": "tools"
        }
    }, 
    {
        "pk": 27, 
        "model": "contenttypes.contenttype", 
        "fields": {
            "model": "autoadminsingleton", 
            "name": "auto admin properties", 
            "app_label": "common"
        }
    }, 
    {
        "pk": 31, 
        "model": "contenttypes.contenttype", 
        "fields": {
            "model": "backup", 
            "name": "backup tool", 
            "app_label": "tools"
        }
    }, 
    {
        "pk": 14, 
        "model": "contenttypes.contenttype", 
        "fields": {
            "model": "benefit", 
            "name": "benefit", 
            "app_label": "projects"
        }
    }, 
    {
        "pk": 12, 
        "model": "contenttypes.contenttype", 
        "fields": {
            "model": "classification", 
            "name": "classification", 
            "app_label": "projects"
        }
    }, 
    {
        "pk": 4, 
        "model": "contenttypes.contenttype", 
        "fields": {
            "model": "contenttype", 
            "name": "content type", 
            "app_label": "contenttypes"
        }
    }, 
    {
        "pk": 20, 
        "model": "contenttypes.contenttype", 
        "fields": {
            "model": "creatorsingleton", 
            "name": "creator", 
            "app_label": "acls"
        }
    }, 
    {
        "pk": 19, 
        "model": "contenttypes.contenttype", 
        "fields": {
            "model": "defaultaccessentry", 
            "name": "default access entry", 
            "app_label": "acls"
        }
    }, 
    {
        "pk": 47, 
        "model": "contenttypes.contenttype", 
        "fields": {
            "model": "department", 
            "name": "department", 
            "app_label": "projects"
        }
    }, 
    {
        "pk": 30, 
        "model": "contenttypes.contenttype", 
        "fields": {
            "model": "development", 
            "name": "development tool", 
            "app_label": "tools"
        }
    }, 
    {
        "pk": 32, 
        "model": "contenttypes.contenttype", 
        "fields": {
            "model": "firewall", 
            "name": "firewall tool", 
            "app_label": "tools"
        }
    }, 
    {
        "pk": 10, 
        "model": "contenttypes.contenttype", 
        "fields": {
            "model": "fiscalyear", 
            "name": "fiscal year", 
            "app_label": "projects"
        }
    }, 
    {
        "pk": 2, 
        "model": "contenttypes.contenttype", 
        "fields": {
            "model": "group", 
            "name": "group", 
            "app_label": "auth"
        }
    }, 
    {
        "pk": 7, 
        "model": "contenttypes.contenttype", 
        "fields": {
            "model": "logentry", 
            "name": "log entry", 
            "app_label": "admin"
        }
    }, 
    {
        "pk": 8, 
        "model": "contenttypes.contenttype", 
        "fields": {
            "model": "migrationhistory", 
            "name": "migration history", 
            "app_label": "south"
        }
    }, 
    {
        "pk": 16, 
        "model": "contenttypes.contenttype", 
        "fields": {
            "model": "opportunity", 
            "name": "oportunity", 
            "app_label": "projects"
        }
    }, 
    {
        "pk": 1, 
        "model": "contenttypes.contenttype", 
        "fields": {
            "model": "permission", 
            "name": "permission", 
            "app_label": "auth"
        }
    }, 
    {
        "pk": 22, 
        "model": "contenttypes.contenttype", 
        "fields": {
            "model": "storedpermission", 
            "name": "permission", 
            "app_label": "permissions"
        }
    }, 
    {
        "pk": 23, 
        "model": "contenttypes.contenttype", 
        "fields": {
            "model": "permissionholder", 
            "name": "permission holder", 
            "app_label": "permissions"
        }
    }, 
    {
        "pk": 17, 
        "model": "contenttypes.contenttype", 
        "fields": {
            "model": "project", 
            "name": "project", 
            "app_label": "projects"
        }
    }, 
    {
        "pk": 36, 
        "model": "contenttypes.contenttype", 
        "fields": {
            "model": "projectbudget", 
            "name": "project budget", 
            "app_label": "projects"
        }
    }, 
    {
        "pk": 35, 
        "model": "contenttypes.contenttype", 
        "fields": {
            "model": "projectinfo", 
            "name": "project details", 
            "app_label": "projects"
        }
    }, 
    {
        "pk": 37, 
        "model": "contenttypes.contenttype", 
        "fields": {
            "model": "projectdetails", 
            "name": "project details", 
            "app_label": "projects"
        }
    }, 
    {
        "pk": 39, 
        "model": "contenttypes.contenttype", 
        "fields": {
            "model": "projectfile", 
            "name": "project file", 
            "app_label": "projects"
        }
    }, 
    {
        "pk": 38, 
        "model": "contenttypes.contenttype", 
        "fields": {
            "model": "projectopportunities", 
            "name": "project opportunities", 
            "app_label": "projects"
        }
    }, 
    {
        "pk": 28, 
        "model": "contenttypes.contenttype", 
        "fields": {
            "model": "provider", 
            "name": "provider", 
            "app_label": "telecomm"
        }
    }, 
    {
        "pk": 11, 
        "model": "contenttypes.contenttype", 
        "fields": {
            "model": "purpose", 
            "name": "purpose", 
            "app_label": "projects"
        }
    }, 
    {
        "pk": 21, 
        "model": "contenttypes.contenttype", 
        "fields": {
            "model": "recentsearch", 
            "name": "recent search", 
            "app_label": "dynamic_search"
        }
    }, 
    {
        "pk": 24, 
        "model": "contenttypes.contenttype", 
        "fields": {
            "model": "role", 
            "name": "role", 
            "app_label": "permissions"
        }
    }, 
    {
        "pk": 25, 
        "model": "contenttypes.contenttype", 
        "fields": {
            "model": "rolemember", 
            "name": "role member", 
            "app_label": "permissions"
        }
    }, 
    {
        "pk": 5, 
        "model": "contenttypes.contenttype", 
        "fields": {
            "model": "session", 
            "name": "session", 
            "app_label": "sessions"
        }
    }, 
    {
        "pk": 6, 
        "model": "contenttypes.contenttype", 
        "fields": {
            "model": "site", 
            "name": "site", 
            "app_label": "sites"
        }
    }, 
    {
        "pk": 13, 
        "model": "contenttypes.contenttype", 
        "fields": {
            "model": "stage", 
            "name": "stage", 
            "app_label": "projects"
        }
    }, 
    {
        "pk": 29, 
        "model": "contenttypes.contenttype", 
        "fields": {
            "model": "equipment", 
            "name": "telecomm equipment", 
            "app_label": "telecomm"
        }
    }, 
    {
        "pk": 34, 
        "model": "contenttypes.contenttype", 
        "fields": {
            "model": "toolsprofile", 
            "name": "tool profile", 
            "app_label": "tools"
        }
    }, 
    {
        "pk": 15, 
        "model": "contenttypes.contenttype", 
        "fields": {
            "model": "topic", 
            "name": "topic", 
            "app_label": "projects"
        }
    }, 
    {
        "pk": 3, 
        "model": "contenttypes.contenttype", 
        "fields": {
            "model": "user", 
            "name": "user", 
            "app_label": "auth"
        }
    }, 
    {
        "pk": 45, 
        "model": "contenttypes.contenttype", 
        "fields": {
            "model": "workflowinstancehistory", 
            "name": "workflow instance history", 
            "app_label": "workflows"
        }
    }, 
    {
        "pk": 46, 
        "model": "contenttypes.contenttype", 
        "fields": {
            "model": "workflowinstancestate", 
            "name": "workflow instance state", 
            "app_label": "workflows"
        }
    }, 
    {
        "pk": 40, 
        "model": "contenttypes.contenttype", 
        "fields": {
            "model": "workflowtype", 
            "name": "workflow type", 
            "app_label": "workflows"
        }
    }, 
    {
        "pk": 41, 
        "model": "contenttypes.contenttype", 
        "fields": {
            "model": "workflowtypeaction", 
            "name": "workflow type action", 
            "app_label": "workflows"
        }
    }, 
    {
        "pk": 43, 
        "model": "contenttypes.contenttype", 
        "fields": {
            "model": "workflowtyperelation", 
            "name": "workflow type relation", 
            "app_label": "workflows"
        }
    }, 
    {
        "pk": 42, 
        "model": "contenttypes.contenttype", 
        "fields": {
            "model": "workflowtypestate", 
            "name": "workflow type state", 
            "app_label": "workflows"
        }
    }, 
    {
        "pk": 44, 
        "model": "contenttypes.contenttype", 
        "fields": {
            "model": "workflowinstance", 
            "name": "workflow type state", 
            "app_label": "workflows"
        }
    }, 
    {
        "pk": "63c12d57bb199540be5d791973aead1d", 
        "model": "sessions.session", 
        "fields": {
            "expire_date": "2013-02-27T23:55:06.894Z", 
            "session_data": "NzVmY2U1NGJhMjkwMTlkMmMyYzUxYzg1OGRlNTU4MThhZjBkYjY3NDqAAn1xAShVEl9hdXRoX3Vz\nZXJfYmFja2VuZHECVSlkamFuZ28uY29udHJpYi5hdXRoLmJhY2tlbmRzLk1vZGVsQmFja2VuZHED\nVQ1fYXV0aF91c2VyX2lkcQRLAXUu\n"
        }
    }, 
    {
        "pk": "f89451f0bb181dc100c75c08078883d5", 
        "model": "sessions.session", 
        "fields": {
            "expire_date": "2013-02-28T14:33:00.998Z", 
            "session_data": "NzVmY2U1NGJhMjkwMTlkMmMyYzUxYzg1OGRlNTU4MThhZjBkYjY3NDqAAn1xAShVEl9hdXRoX3Vz\nZXJfYmFja2VuZHECVSlkamFuZ28uY29udHJpYi5hdXRoLmJhY2tlbmRzLk1vZGVsQmFja2VuZHED\nVQ1fYXV0aF91c2VyX2lkcQRLAXUu\n"
        }
    }, 
    {
        "pk": "893de94caa630aa11b23bdd260a6cde4", 
        "model": "sessions.session", 
        "fields": {
            "expire_date": "2013-03-01T04:48:32.326Z", 
            "session_data": "NzVmY2U1NGJhMjkwMTlkMmMyYzUxYzg1OGRlNTU4MThhZjBkYjY3NDqAAn1xAShVEl9hdXRoX3Vz\nZXJfYmFja2VuZHECVSlkamFuZ28uY29udHJpYi5hdXRoLmJhY2tlbmRzLk1vZGVsQmFja2VuZHED\nVQ1fYXV0aF91c2VyX2lkcQRLAXUu\n"
        }
    }, 
    {
        "pk": "1f5da7e2ac095bd7394a392670e3c622", 
        "model": "sessions.session", 
        "fields": {
            "expire_date": "2013-03-08T00:22:34.443Z", 
            "session_data": "NGUxMjgyMjAwYTc2MGFmMTY3OTVkODcwODQzMjVlZTE0NGU3MzAwOTqAAn1xAShVIHJvc2V0dGFf\nY2FjaGVfc3RvcmFnZV9rZXlfcHJlZml4cQJVKGY3YzBlZmQ5YWM3NDNhZjlmNWJiOWEwNGQ5MjE1\nY2E4MWFlZTk0ODRVDV9hdXRoX3VzZXJfaWRLAVUSX2F1dGhfdXNlcl9iYWNrZW5kVSlkamFuZ28u\nY29udHJpYi5hdXRoLmJhY2tlbmRzLk1vZGVsQmFja2VuZHUu\n"
        }
    }, 
    {
        "pk": "08acc1c693849c56364a55f871257f7d", 
        "model": "sessions.session", 
        "fields": {
            "expire_date": "2013-03-05T08:15:35.529Z", 
            "session_data": "N2Q4YjQzYTUzNGI1M2I4NmViZjUxZTUxZTE0NjhiOTVkMWEwMDRkNjqAAn1xAShVIHJvc2V0dGFf\nY2FjaGVfc3RvcmFnZV9rZXlfcHJlZml4cQJVKDNjMWRmOTMyNjIwZTdmMTk3YzI3M2VjYjZkZjM4\nYjU2MTNmMDU3NDdVDV9hdXRoX3VzZXJfaWRLAVUSX2F1dGhfdXNlcl9iYWNrZW5kVSlkamFuZ28u\nY29udHJpYi5hdXRoLmJhY2tlbmRzLk1vZGVsQmFja2VuZHUu\n"
        }
    }, 
    {
        "pk": "0ec32539b6aa35e2102e2dd531b0bcef", 
        "model": "sessions.session", 
        "fields": {
            "expire_date": "2013-03-06T21:59:02.331Z", 
            "session_data": "YjMxYjliMmI0NmI1MmM1NjcyYzczZDA5OTg2YzUyNmE3NGU3MTJhNzqAAn1xAShVIHJvc2V0dGFf\nY2FjaGVfc3RvcmFnZV9rZXlfcHJlZml4cQJVKDY5NmE3Mjk0NDQ0MzU3OWVkMDBiMDE0MmNkMDEy\nZGI0NzBkMDhmOTVVDV9hdXRoX3VzZXJfaWRLAVUSX2F1dGhfdXNlcl9iYWNrZW5kVSlkamFuZ28u\nY29udHJpYi5hdXRoLmJhY2tlbmRzLk1vZGVsQmFja2VuZHUu\n"
        }
    }, 
    {
        "pk": "560d92a5928bae133a09a42a7c5bbf84", 
        "model": "sessions.session", 
        "fields": {
            "expire_date": "2013-03-08T20:22:45.872Z", 
            "session_data": "MmFmNThmNDQ0MTczZjUxYjE5MGU2NDBhZjVkNjIxZmU4NzRlNjM4ZTqAAn1xAShVIHJvc2V0dGFf\nY2FjaGVfc3RvcmFnZV9rZXlfcHJlZml4cQJVKDJiNTMyZjVmZjk3OWM4ZTJlYWIxMmVhY2RjYmEy\nYzA2NmRmYzQ0NGZVDV9hdXRoX3VzZXJfaWRLAVUSX2F1dGhfdXNlcl9iYWNrZW5kVSlkamFuZ28u\nY29udHJpYi5hdXRoLmJhY2tlbmRzLk1vZGVsQmFja2VuZHUu\n"
        }
    }, 
    {
        "pk": "61c82d77e61c955d5a8b835fcc87b89c", 
        "model": "sessions.session", 
        "fields": {
            "expire_date": "2013-03-08T21:10:04.057Z", 
            "session_data": "NzVmY2U1NGJhMjkwMTlkMmMyYzUxYzg1OGRlNTU4MThhZjBkYjY3NDqAAn1xAShVEl9hdXRoX3Vz\nZXJfYmFja2VuZHECVSlkamFuZ28uY29udHJpYi5hdXRoLmJhY2tlbmRzLk1vZGVsQmFja2VuZHED\nVQ1fYXV0aF91c2VyX2lkcQRLAXUu\n"
        }
    }, 
    {
        "pk": "f86c5f7867e8277edfa4a0baf31e202a", 
        "model": "sessions.session", 
        "fields": {
            "expire_date": "2013-03-11T22:36:04.055Z", 
            "session_data": "NDZkYmViMjUzMzExMWY1NjM4OWI0NjBkMWM4MThmZGEyOGE5ZDQ1NDqAAn1xAShVEl9hdXRoX3Vz\nZXJfYmFja2VuZHECVSlkamFuZ28uY29udHJpYi5hdXRoLmJhY2tlbmRzLk1vZGVsQmFja2VuZHED\nVQ1fYXV0aF91c2VyX2lkcQRLAnUu\n"
        }
    }, 
    {
        "pk": 1, 
        "model": "sites.site", 
        "fields": {
            "domain": "example.com", 
            "name": "example.com"
        }
    }, 
    {
        "pk": 1, 
        "model": "south.migrationhistory", 
        "fields": {
            "applied": "2013-02-13T15:33:27.475Z", 
            "app_name": "agencies", 
            "migration": "0001_initial"
        }
    }, 
    {
        "pk": 2, 
        "model": "south.migrationhistory", 
        "fields": {
            "applied": "2013-02-13T15:33:28.360Z", 
            "app_name": "agencies", 
            "migration": "0002_auto__add_field_agency_registration"
        }
    }, 
    {
        "pk": 3, 
        "model": "south.migrationhistory", 
        "fields": {
            "applied": "2013-02-13T15:33:32.354Z", 
            "app_name": "projects", 
            "migration": "0001_initial"
        }
    }, 
    {
        "pk": 4, 
        "model": "south.migrationhistory", 
        "fields": {
            "applied": "2013-02-13T15:47:17.703Z", 
            "app_name": "projects", 
            "migration": "0002_auto__del_field_project_fiscal_year"
        }
    }, 
    {
        "pk": 5, 
        "model": "south.migrationhistory", 
        "fields": {
            "applied": "2013-02-13T15:47:18.511Z", 
            "app_name": "projects", 
            "migration": "0003_auto__add_field_project_fiscal_year"
        }
    }, 
    {
        "pk": 6, 
        "model": "south.migrationhistory", 
        "fields": {
            "applied": "2013-02-13T16:07:02.853Z", 
            "app_name": "permissions", 
            "migration": "0001_initial"
        }
    }, 
    {
        "pk": 7, 
        "model": "south.migrationhistory", 
        "fields": {
            "applied": "2013-02-13T16:07:03.931Z", 
            "app_name": "permissions", 
            "migration": "0002_auto__add_storedpermission__add_unique_storedpermission_namespace_name"
        }
    }, 
    {
        "pk": 8, 
        "model": "south.migrationhistory", 
        "fields": {
            "applied": "2013-02-13T16:07:04.087Z", 
            "app_name": "permissions", 
            "migration": "0003_clear_permission_holders"
        }
    }, 
    {
        "pk": 9, 
        "model": "south.migrationhistory", 
        "fields": {
            "applied": "2013-02-13T16:07:04.849Z", 
            "app_name": "permissions", 
            "migration": "0004_auto__del_permission__del_unique_permission_namespace_name"
        }
    }, 
    {
        "pk": 10, 
        "model": "south.migrationhistory", 
        "fields": {
            "applied": "2013-02-13T16:07:48.478Z", 
            "app_name": "common", 
            "migration": "0001_initial"
        }
    }, 
    {
        "pk": 11, 
        "model": "south.migrationhistory", 
        "fields": {
            "applied": "2013-02-13T16:07:48.927Z", 
            "app_name": "common", 
            "migration": "0002_auto__add_autoadminsingleton"
        }
    }, 
    {
        "pk": 12, 
        "model": "south.migrationhistory", 
        "fields": {
            "applied": "2013-02-13T16:07:51.180Z", 
            "app_name": "common", 
            "migration": "0003_auto__del_field_autoadminsingleton_original_auto_admin_password__del_f"
        }
    }, 
    {
        "pk": 13, 
        "model": "south.migrationhistory", 
        "fields": {
            "applied": "2013-02-13T16:07:54.103Z", 
            "app_name": "common", 
            "migration": "0004_auto__del_field_autoadminsingleton_auto_admin_password__del_field_auto"
        }
    }, 
    {
        "pk": 14, 
        "model": "south.migrationhistory", 
        "fields": {
            "applied": "2013-02-15T05:37:03.721Z", 
            "app_name": "telecomm", 
            "migration": "0001_initial"
        }
    }, 
    {
        "pk": 15, 
        "model": "south.migrationhistory", 
        "fields": {
            "applied": "2013-02-15T05:40:09.887Z", 
            "app_name": "telecomm", 
            "migration": "0002_auto__chg_field_equipment_internet_provider__chg_field_equipment_wifi_"
        }
    }, 
    {
        "pk": 16, 
        "model": "south.migrationhistory", 
        "fields": {
            "applied": "2013-02-15T05:40:46.524Z", 
            "app_name": "telecomm", 
            "migration": "0003_auto__chg_field_equipment_wifi_costs"
        }
    }, 
    {
        "pk": 17, 
        "model": "south.migrationhistory", 
        "fields": {
            "applied": "2013-02-15T07:36:11.979Z", 
            "app_name": "tools", 
            "migration": "0001_initial"
        }
    }, 
    {
        "pk": 18, 
        "model": "south.migrationhistory", 
        "fields": {
            "applied": "2013-02-19T07:26:41.621Z", 
            "app_name": "projects", 
            "migration": "0004_auto__add_field_project_datetime_created"
        }
    }, 
    {
        "pk": 19, 
        "model": "south.migrationhistory", 
        "fields": {
            "applied": "2013-02-19T07:27:04.709Z", 
            "app_name": "projects", 
            "migration": "0005_auto__add_projectdetails__del_field_project_limitations__del_field_pro"
        }
    }, 
    {
        "pk": 20, 
        "model": "south.migrationhistory", 
        "fields": {
            "applied": "2013-02-19T07:27:05.371Z", 
            "app_name": "projects", 
            "migration": "0006_auto__add_field_projectdetails_agency"
        }
    }, 
    {
        "pk": 21, 
        "model": "south.migrationhistory", 
        "fields": {
            "applied": "2013-02-19T07:27:06.437Z", 
            "app_name": "projects", 
            "migration": "0007_auto__del_field_projectdetails_agency__add_field_projectdetails_projec"
        }
    }, 
    {
        "pk": 22, 
        "model": "south.migrationhistory", 
        "fields": {
            "applied": "2013-02-19T07:27:07.872Z", 
            "app_name": "projects", 
            "migration": "0008_auto__del_projectdetails__add_projectbudget__add_projectinfo"
        }
    }, 
    {
        "pk": 23, 
        "model": "south.migrationhistory", 
        "fields": {
            "applied": "2013-02-19T07:27:09.183Z", 
            "app_name": "telecomm", 
            "migration": "0004_auto__add_field_equipment_datetime_created"
        }
    }, 
    {
        "pk": 24, 
        "model": "south.migrationhistory", 
        "fields": {
            "applied": "2013-02-19T07:27:10.046Z", 
            "app_name": "tools", 
            "migration": "0002_auto__add_field_toolsprofile_datetime_created"
        }
    }, 
    {
        "pk": 25, 
        "model": "south.migrationhistory", 
        "fields": {
            "applied": "2013-02-19T07:47:22.270Z", 
            "app_name": "projects", 
            "migration": "0009_auto__add_projectdetails"
        }
    }, 
    {
        "pk": 26, 
        "model": "south.migrationhistory", 
        "fields": {
            "applied": "2013-02-19T07:48:53.886Z", 
            "app_name": "projects", 
            "migration": "0010_auto__add_field_projectdetails_project"
        }
    }, 
    {
        "pk": 27, 
        "model": "south.migrationhistory", 
        "fields": {
            "applied": "2013-02-19T07:59:28.386Z", 
            "app_name": "projects", 
            "migration": "0011_auto__add_projectopportunities__del_field_projectdetails_explanation__"
        }
    }, 
    {
        "pk": 28, 
        "model": "south.migrationhistory", 
        "fields": {
            "applied": "2013-02-20T22:26:21.494Z", 
            "app_name": "agencies", 
            "migration": "0003_auto__add_field_agency_director__add_field_agency_physical_address__ad"
        }
    }, 
    {
        "pk": 29, 
        "model": "south.migrationhistory", 
        "fields": {
            "applied": "2013-02-20T22:57:43.279Z", 
            "app_name": "projects", 
            "migration": "0012_auto__add_projectfile"
        }
    }, 
    {
        "pk": 30, 
        "model": "south.migrationhistory", 
        "fields": {
            "applied": "2013-02-20T22:58:41.419Z", 
            "app_name": "projects", 
            "migration": "0013_auto__add_field_projectfile_project"
        }
    }, 
    {
        "pk": 31, 
        "model": "south.migrationhistory", 
        "fields": {
            "applied": "2013-02-21T06:07:38.699Z", 
            "app_name": "workflows", 
            "migration": "0001_initial"
        }
    }, 
    {
        "pk": 32, 
        "model": "south.migrationhistory", 
        "fields": {
            "applied": "2013-02-21T06:14:08.688Z", 
            "app_name": "workflows", 
            "migration": "0002_auto__del_field_workflowtypeaction_assignee_content_type__del_field_wo"
        }
    }, 
    {
        "pk": 33, 
        "model": "south.migrationhistory", 
        "fields": {
            "applied": "2013-02-21T06:15:52.551Z", 
            "app_name": "workflows", 
            "migration": "0003_auto__chg_field_workflowtypeaction_auto_assignee_group__chg_field_work"
        }
    }, 
    {
        "pk": 34, 
        "model": "south.migrationhistory", 
        "fields": {
            "applied": "2013-02-21T06:18:55.032Z", 
            "app_name": "workflows", 
            "migration": "0004_auto__add_field_workflowtype_initial_state__add_field_workflowtype_ini"
        }
    }, 
    {
        "pk": 35, 
        "model": "south.migrationhistory", 
        "fields": {
            "applied": "2013-02-21T06:27:17.693Z", 
            "app_name": "workflows", 
            "migration": "0005_auto__add_unique_workflowtyperelation_content_type_workflow_type__add_"
        }
    }, 
    {
        "pk": 36, 
        "model": "south.migrationhistory", 
        "fields": {
            "applied": "2013-02-21T06:31:46.955Z", 
            "app_name": "workflows", 
            "migration": "0006_auto__add_field_workflowtypestate_description__add_field_workflowtype_"
        }
    }, 
    {
        "pk": 37, 
        "model": "south.migrationhistory", 
        "fields": {
            "applied": "2013-02-21T06:43:42.017Z", 
            "app_name": "workflows", 
            "migration": "0007_auto__add_field_workflowinstancehistory_comments"
        }
    }, 
    {
        "pk": 38, 
        "model": "south.migrationhistory", 
        "fields": {
            "applied": "2013-02-21T07:16:19.213Z", 
            "app_name": "workflows", 
            "migration": "0008_auto__chg_field_workflowinstancehistory_workflow_instance"
        }
    }, 
    {
        "pk": 39, 
        "model": "south.migrationhistory", 
        "fields": {
            "applied": "2013-02-21T07:21:16.803Z", 
            "app_name": "workflows", 
            "migration": "0009_auto__chg_field_workflowinstancestate_workflow_instance__del_unique_wo"
        }
    }, 
    {
        "pk": 40, 
        "model": "south.migrationhistory", 
        "fields": {
            "applied": "2013-02-21T22:43:00.910Z", 
            "app_name": "workflows", 
            "migration": "0010_auto__add_field_workflowinstancehistory_assignee_user__add_field_workf"
        }
    }, 
    {
        "pk": 41, 
        "model": "south.migrationhistory", 
        "fields": {
            "applied": "2013-02-21T23:02:55.491Z", 
            "app_name": "workflows", 
            "migration": "0011_auto__add_field_workflowtypeaction_required_permission"
        }
    }, 
    {
        "pk": 42, 
        "model": "south.migrationhistory", 
        "fields": {
            "applied": "2013-02-21T23:52:12.719Z", 
            "app_name": "workflows", 
            "migration": "0012_auto__add_field_workflowinstancehistory_user"
        }
    }, 
    {
        "pk": 43, 
        "model": "south.migrationhistory", 
        "fields": {
            "applied": "2013-02-25T17:51:12.358Z", 
            "app_name": "projects", 
            "migration": "0014_auto__add_field_benefit_enabled__add_field_topic_enabled__add_field_op"
        }
    }, 
    {
        "pk": 44, 
        "model": "south.migrationhistory", 
        "fields": {
            "applied": "2013-02-25T19:35:24.676Z", 
            "app_name": "agencies", 
            "migration": "0004_auto__add_field_agency_enabled"
        }
    }, 
    {
        "pk": 45, 
        "model": "south.migrationhistory", 
        "fields": {
            "applied": "2013-02-25T20:19:44.525Z", 
            "app_name": "projects", 
            "migration": "0015_auto__del_field_projectinfo_email"
        }
    }, 
    {
        "pk": 46, 
        "model": "south.migrationhistory", 
        "fields": {
            "applied": "2013-02-25T20:22:08.248Z", 
            "app_name": "projects", 
            "migration": "0016_auto__del_field_projectdetails_topic__del_field_projectdetails_topic_o"
        }
    }, 
    {
        "pk": 47, 
        "model": "south.migrationhistory", 
        "fields": {
            "applied": "2013-02-25T20:27:41.363Z", 
            "app_name": "projects", 
            "migration": "0017_auto__del_field_projectopportunities_other_agencies"
        }
    }, 
    {
        "pk": 48, 
        "model": "south.migrationhistory", 
        "fields": {
            "applied": "2013-02-25T20:28:04.703Z", 
            "app_name": "projects", 
            "migration": "0018_auto"
        }
    }, 
    {
        "pk": 49, 
        "model": "south.migrationhistory", 
        "fields": {
            "applied": "2013-02-25T21:08:18.078Z", 
            "app_name": "projects", 
            "migration": "0019_auto__add_department__del_field_projectinfo_department"
        }
    }, 
    {
        "pk": 50, 
        "model": "south.migrationhistory", 
        "fields": {
            "applied": "2013-02-25T21:21:50.465Z", 
            "app_name": "projects", 
            "migration": "0020_auto__add_field_projectinfo_department"
        }
    }, 
    {
        "pk": 1, 
        "model": "common.anonymoususersingleton", 
        "fields": {
            "lock_id": "1"
        }
    }, 
    {
        "pk": 11, 
        "model": "permissions.storedpermission", 
        "fields": {
            "namespace": "acls", 
            "name": "acl_edit"
        }
    }, 
    {
        "pk": 12, 
        "model": "permissions.storedpermission", 
        "fields": {
            "namespace": "acls", 
            "name": "acl_view"
        }
    }, 
    {
        "pk": 13, 
        "model": "permissions.storedpermission", 
        "fields": {
            "namespace": "acls_setup", 
            "name": "acl_class_edit"
        }
    }, 
    {
        "pk": 2, 
        "model": "permissions.storedpermission", 
        "fields": {
            "namespace": "acls_setup", 
            "name": "acl_class_view"
        }
    }, 
    {
        "pk": 14, 
        "model": "permissions.storedpermission", 
        "fields": {
            "namespace": "agencies", 
            "name": "agency_create"
        }
    }, 
    {
        "pk": 21, 
        "model": "permissions.storedpermission", 
        "fields": {
            "namespace": "agencies", 
            "name": "agency_delete"
        }
    }, 
    {
        "pk": 5, 
        "model": "permissions.storedpermission", 
        "fields": {
            "namespace": "agencies", 
            "name": "agency_edit"
        }
    }, 
    {
        "pk": 25, 
        "model": "permissions.storedpermission", 
        "fields": {
            "namespace": "agencies", 
            "name": "agency_view"
        }
    }, 
    {
        "pk": 10, 
        "model": "permissions.storedpermission", 
        "fields": {
            "namespace": "permissions", 
            "name": "permission_grant"
        }
    }, 
    {
        "pk": 15, 
        "model": "permissions.storedpermission", 
        "fields": {
            "namespace": "permissions", 
            "name": "permission_revoke"
        }
    }, 
    {
        "pk": 6, 
        "model": "permissions.storedpermission", 
        "fields": {
            "namespace": "permissions", 
            "name": "role_create"
        }
    }, 
    {
        "pk": 9, 
        "model": "permissions.storedpermission", 
        "fields": {
            "namespace": "permissions", 
            "name": "role_delete"
        }
    }, 
    {
        "pk": 8, 
        "model": "permissions.storedpermission", 
        "fields": {
            "namespace": "permissions", 
            "name": "role_edit"
        }
    }, 
    {
        "pk": 1, 
        "model": "permissions.storedpermission", 
        "fields": {
            "namespace": "permissions", 
            "name": "role_view"
        }
    }, 
    {
        "pk": 24, 
        "model": "permissions.storedpermission", 
        "fields": {
            "namespace": "projects", 
            "name": "project_create"
        }
    }, 
    {
        "pk": 23, 
        "model": "permissions.storedpermission", 
        "fields": {
            "namespace": "projects", 
            "name": "project_delete"
        }
    }, 
    {
        "pk": 22, 
        "model": "permissions.storedpermission", 
        "fields": {
            "namespace": "projects", 
            "name": "project_edit"
        }
    }, 
    {
        "pk": 34, 
        "model": "permissions.storedpermission", 
        "fields": {
            "namespace": "projects", 
            "name": "project_submit"
        }
    }, 
    {
        "pk": 29, 
        "model": "permissions.storedpermission", 
        "fields": {
            "namespace": "projects", 
            "name": "project_view"
        }
    }, 
    {
        "pk": 33, 
        "model": "permissions.storedpermission", 
        "fields": {
            "namespace": "telecomm", 
            "name": "equipment_create"
        }
    }, 
    {
        "pk": 28, 
        "model": "permissions.storedpermission", 
        "fields": {
            "namespace": "telecomm", 
            "name": "equipment_delete"
        }
    }, 
    {
        "pk": 27, 
        "model": "permissions.storedpermission", 
        "fields": {
            "namespace": "telecomm", 
            "name": "equipment_edit"
        }
    }, 
    {
        "pk": 26, 
        "model": "permissions.storedpermission", 
        "fields": {
            "namespace": "telecomm", 
            "name": "equipment_view"
        }
    }, 
    {
        "pk": 37, 
        "model": "permissions.storedpermission", 
        "fields": {
            "namespace": "telecomm", 
            "name": "provider_create"
        }
    }, 
    {
        "pk": 36, 
        "model": "permissions.storedpermission", 
        "fields": {
            "namespace": "telecomm", 
            "name": "provider_delete"
        }
    }, 
    {
        "pk": 35, 
        "model": "permissions.storedpermission", 
        "fields": {
            "namespace": "telecomm", 
            "name": "provider_edit"
        }
    }, 
    {
        "pk": 38, 
        "model": "permissions.storedpermission", 
        "fields": {
            "namespace": "telecomm", 
            "name": "provider_view"
        }
    }, 
    {
        "pk": 39, 
        "model": "permissions.storedpermission", 
        "fields": {
            "namespace": "tools", 
            "name": "tool_profile_create"
        }
    }, 
    {
        "pk": 32, 
        "model": "permissions.storedpermission", 
        "fields": {
            "namespace": "tools", 
            "name": "tool_profile_delete"
        }
    }, 
    {
        "pk": 31, 
        "model": "permissions.storedpermission", 
        "fields": {
            "namespace": "tools", 
            "name": "tool_profile_edit"
        }
    }, 
    {
        "pk": 30, 
        "model": "permissions.storedpermission", 
        "fields": {
            "namespace": "tools", 
            "name": "tool_profile_view"
        }
    }, 
    {
        "pk": 17, 
        "model": "permissions.storedpermission", 
        "fields": {
            "namespace": "user_management", 
            "name": "group_create"
        }
    }, 
    {
        "pk": 18, 
        "model": "permissions.storedpermission", 
        "fields": {
            "namespace": "user_management", 
            "name": "group_delete"
        }
    }, 
    {
        "pk": 16, 
        "model": "permissions.storedpermission", 
        "fields": {
            "namespace": "user_management", 
            "name": "group_edit"
        }
    }, 
    {
        "pk": 4, 
        "model": "permissions.storedpermission", 
        "fields": {
            "namespace": "user_management", 
            "name": "group_view"
        }
    }, 
    {
        "pk": 7, 
        "model": "permissions.storedpermission", 
        "fields": {
            "namespace": "user_management", 
            "name": "user_create"
        }
    }, 
    {
        "pk": 20, 
        "model": "permissions.storedpermission", 
        "fields": {
            "namespace": "user_management", 
            "name": "user_delete"
        }
    }, 
    {
        "pk": 19, 
        "model": "permissions.storedpermission", 
        "fields": {
            "namespace": "user_management", 
            "name": "user_edit"
        }
    }, 
    {
        "pk": 3, 
        "model": "permissions.storedpermission", 
        "fields": {
            "namespace": "user_management", 
            "name": "user_view"
        }
    }, 
    {
        "pk": 1, 
        "model": "permissions.permissionholder", 
        "fields": {
            "holder_type": 24, 
            "holder_id": 1, 
            "permission": 22
        }
    }, 
    {
        "pk": 2, 
        "model": "permissions.permissionholder", 
        "fields": {
            "holder_type": 24, 
            "holder_id": 1, 
            "permission": 8
        }
    }, 
    {
        "pk": 3, 
        "model": "permissions.permissionholder", 
        "fields": {
            "holder_type": 24, 
            "holder_id": 1, 
            "permission": 9
        }
    }, 
    {
        "pk": 4, 
        "model": "permissions.permissionholder", 
        "fields": {
            "holder_type": 24, 
            "holder_id": 1, 
            "permission": 25
        }
    }, 
    {
        "pk": 5, 
        "model": "permissions.permissionholder", 
        "fields": {
            "holder_type": 24, 
            "holder_id": 1, 
            "permission": 2
        }
    }, 
    {
        "pk": 6, 
        "model": "permissions.permissionholder", 
        "fields": {
            "holder_type": 24, 
            "holder_id": 1, 
            "permission": 11
        }
    }, 
    {
        "pk": 7, 
        "model": "permissions.permissionholder", 
        "fields": {
            "holder_type": 24, 
            "holder_id": 1, 
            "permission": 34
        }
    }, 
    {
        "pk": 8, 
        "model": "permissions.permissionholder", 
        "fields": {
            "holder_type": 24, 
            "holder_id": 1, 
            "permission": 6
        }
    }, 
    {
        "pk": 9, 
        "model": "permissions.permissionholder", 
        "fields": {
            "holder_type": 24, 
            "holder_id": 1, 
            "permission": 15
        }
    }, 
    {
        "pk": 10, 
        "model": "permissions.permissionholder", 
        "fields": {
            "holder_type": 24, 
            "holder_id": 1, 
            "permission": 13
        }
    }, 
    {
        "pk": 11, 
        "model": "permissions.permissionholder", 
        "fields": {
            "holder_type": 24, 
            "holder_id": 1, 
            "permission": 29
        }
    }, 
    {
        "pk": 12, 
        "model": "permissions.permissionholder", 
        "fields": {
            "holder_type": 24, 
            "holder_id": 1, 
            "permission": 10
        }
    }, 
    {
        "pk": 13, 
        "model": "permissions.permissionholder", 
        "fields": {
            "holder_type": 24, 
            "holder_id": 1, 
            "permission": 24
        }
    }, 
    {
        "pk": 14, 
        "model": "permissions.permissionholder", 
        "fields": {
            "holder_type": 24, 
            "holder_id": 1, 
            "permission": 12
        }
    }, 
    {
        "pk": 15, 
        "model": "permissions.permissionholder", 
        "fields": {
            "holder_type": 24, 
            "holder_id": 1, 
            "permission": 21
        }
    }, 
    {
        "pk": 16, 
        "model": "permissions.permissionholder", 
        "fields": {
            "holder_type": 24, 
            "holder_id": 1, 
            "permission": 1
        }
    }, 
    {
        "pk": 17, 
        "model": "permissions.permissionholder", 
        "fields": {
            "holder_type": 24, 
            "holder_id": 1, 
            "permission": 5
        }
    }, 
    {
        "pk": 18, 
        "model": "permissions.permissionholder", 
        "fields": {
            "holder_type": 24, 
            "holder_id": 1, 
            "permission": 27
        }
    }, 
    {
        "pk": 19, 
        "model": "permissions.permissionholder", 
        "fields": {
            "holder_type": 24, 
            "holder_id": 1, 
            "permission": 14
        }
    }, 
    {
        "pk": 20, 
        "model": "permissions.permissionholder", 
        "fields": {
            "holder_type": 24, 
            "holder_id": 1, 
            "permission": 23
        }
    }, 
    {
        "pk": 21, 
        "model": "permissions.permissionholder", 
        "fields": {
            "holder_type": 24, 
            "holder_id": 1, 
            "permission": 26
        }
    }, 
    {
        "pk": 22, 
        "model": "permissions.permissionholder", 
        "fields": {
            "holder_type": 24, 
            "holder_id": 1, 
            "permission": 17
        }
    }, 
    {
        "pk": 23, 
        "model": "permissions.permissionholder", 
        "fields": {
            "holder_type": 24, 
            "holder_id": 1, 
            "permission": 16
        }
    }, 
    {
        "pk": 24, 
        "model": "permissions.permissionholder", 
        "fields": {
            "holder_type": 24, 
            "holder_id": 1, 
            "permission": 36
        }
    }, 
    {
        "pk": 25, 
        "model": "permissions.permissionholder", 
        "fields": {
            "holder_type": 24, 
            "holder_id": 1, 
            "permission": 32
        }
    }, 
    {
        "pk": 26, 
        "model": "permissions.permissionholder", 
        "fields": {
            "holder_type": 24, 
            "holder_id": 1, 
            "permission": 39
        }
    }, 
    {
        "pk": 27, 
        "model": "permissions.permissionholder", 
        "fields": {
            "holder_type": 24, 
            "holder_id": 1, 
            "permission": 37
        }
    }, 
    {
        "pk": 28, 
        "model": "permissions.permissionholder", 
        "fields": {
            "holder_type": 24, 
            "holder_id": 1, 
            "permission": 4
        }
    }, 
    {
        "pk": 29, 
        "model": "permissions.permissionholder", 
        "fields": {
            "holder_type": 24, 
            "holder_id": 1, 
            "permission": 38
        }
    }, 
    {
        "pk": 30, 
        "model": "permissions.permissionholder", 
        "fields": {
            "holder_type": 24, 
            "holder_id": 1, 
            "permission": 31
        }
    }, 
    {
        "pk": 31, 
        "model": "permissions.permissionholder", 
        "fields": {
            "holder_type": 24, 
            "holder_id": 1, 
            "permission": 35
        }
    }, 
    {
        "pk": 32, 
        "model": "permissions.permissionholder", 
        "fields": {
            "holder_type": 24, 
            "holder_id": 1, 
            "permission": 28
        }
    }, 
    {
        "pk": 33, 
        "model": "permissions.permissionholder", 
        "fields": {
            "holder_type": 24, 
            "holder_id": 1, 
            "permission": 7
        }
    }, 
    {
        "pk": 34, 
        "model": "permissions.permissionholder", 
        "fields": {
            "holder_type": 24, 
            "holder_id": 1, 
            "permission": 30
        }
    }, 
    {
        "pk": 35, 
        "model": "permissions.permissionholder", 
        "fields": {
            "holder_type": 24, 
            "holder_id": 1, 
            "permission": 20
        }
    }, 
    {
        "pk": 36, 
        "model": "permissions.permissionholder", 
        "fields": {
            "holder_type": 24, 
            "holder_id": 1, 
            "permission": 19
        }
    }, 
    {
        "pk": 37, 
        "model": "permissions.permissionholder", 
        "fields": {
            "holder_type": 24, 
            "holder_id": 1, 
            "permission": 3
        }
    }, 
    {
        "pk": 38, 
        "model": "permissions.permissionholder", 
        "fields": {
            "holder_type": 24, 
            "holder_id": 1, 
            "permission": 33
        }
    }, 
    {
        "pk": 39, 
        "model": "permissions.permissionholder", 
        "fields": {
            "holder_type": 24, 
            "holder_id": 1, 
            "permission": 18
        }
    }, 
    {
        "pk": 2, 
        "model": "permissions.role", 
        "fields": {
            "name": "employee_administracion-de-asuntos-de-energeticos ", 
            "label": "Empleados Administraci\u00f3n de Asuntos de Energ\u00e9ticos "
        }
    }, 
    {
        "pk": 1, 
        "model": "permissions.role", 
        "fields": {
            "name": "managers_tig", 
            "label": "Gerentes TIG"
        }
    }, 
    {
        "pk": 1, 
        "model": "permissions.rolemember", 
        "fields": {
            "role": 2, 
            "member_type": 3, 
            "member_id": 2
        }
    }, 
    {
        "pk": 1, 
        "model": "acls.accessentry", 
        "fields": {
            "holder_type": 2, 
            "holder_id": 1, 
            "object_id": 16, 
            "content_type": 9, 
            "permission": 25
        }
    }, 
    {
        "pk": 2, 
        "model": "acls.accessentry", 
        "fields": {
            "holder_type": 2, 
            "holder_id": 1, 
            "object_id": 16, 
            "content_type": 9, 
            "permission": 5
        }
    }, 
    {
        "pk": 3, 
        "model": "acls.accessentry", 
        "fields": {
            "holder_type": 24, 
            "holder_id": 2, 
            "object_id": 16, 
            "content_type": 9, 
            "permission": 5
        }
    }, 
    {
        "pk": 4, 
        "model": "acls.accessentry", 
        "fields": {
            "holder_type": 24, 
            "holder_id": 2, 
            "object_id": 16, 
            "content_type": 9, 
            "permission": 25
        }
    }, 
    {
        "pk": 5, 
        "model": "acls.accessentry", 
        "fields": {
            "holder_type": 24, 
            "holder_id": 2, 
            "object_id": 16, 
            "content_type": 9, 
            "permission": 22
        }
    }, 
    {
        "pk": 6, 
        "model": "acls.accessentry", 
        "fields": {
            "holder_type": 24, 
            "holder_id": 2, 
            "object_id": 16, 
            "content_type": 9, 
            "permission": 24
        }
    }, 
    {
        "pk": 7, 
        "model": "acls.accessentry", 
        "fields": {
            "holder_type": 24, 
            "holder_id": 2, 
            "object_id": 16, 
            "content_type": 9, 
            "permission": 29
        }
    }, 
    {
        "pk": 1, 
        "model": "acls.creatorsingleton", 
        "fields": {
            "lock_id": "1"
        }
    }, 
    {
        "pk": 16, 
        "model": "agencies.agency", 
        "fields": {
            "physical_address": "", 
            "name": "Administraci\u00f3n de Asuntos de Energ\u00e9ticos", 
            "postal_address": "", 
            "enabled": true, 
            "director": "", 
            "registration": 1433
        }
    }, 
    {
        "pk": 8, 
        "model": "agencies.agency", 
        "fields": {
            "physical_address": "", 
            "name": "Administraci\u00f3n de Vivienda P\u00fablica", 
            "postal_address": "", 
            "enabled": true, 
            "director": "", 
            "registration": 1302
        }
    }, 
    {
        "pk": 9, 
        "model": "agencies.agency", 
        "fields": {
            "physical_address": "", 
            "name": "Administraci\u00f3n de la Industria y el Deporte H\u00edpico", 
            "postal_address": "", 
            "enabled": true, 
            "director": "", 
            "registration": 1401
        }
    }, 
    {
        "pk": 10, 
        "model": "agencies.agency", 
        "fields": {
            "physical_address": "", 
            "name": "Administraci\u00f3n de los Sistemas de Retiro de los Empleados del Gobierno PR", 
            "postal_address": "", 
            "enabled": true, 
            "director": "", 
            "registration": 1404
        }
    }, 
    {
        "pk": 11, 
        "model": "agencies.agency", 
        "fields": {
            "physical_address": "", 
            "name": "Adminitraci\u00f3n de Reglamentos y Permisos", 
            "postal_address": "", 
            "enabled": true, 
            "director": "", 
            "registration": 1406
        }
    }, 
    {
        "pk": 24, 
        "model": "agencies.agency", 
        "fields": {
            "physical_address": "", 
            "name": "Centro de Recaudaci\u00f3n de Ingresos Municipale", 
            "postal_address": "", 
            "enabled": true, 
            "director": "", 
            "registration": 1464
        }
    }, 
    {
        "pk": 12, 
        "model": "agencies.agency", 
        "fields": {
            "physical_address": "", 
            "name": "Comisi\u00f3n Estatal de Elecciones", 
            "postal_address": "", 
            "enabled": true, 
            "director": "", 
            "registration": 1410
        }
    }, 
    {
        "pk": 13, 
        "model": "agencies.agency", 
        "fields": {
            "physical_address": "", 
            "name": "Comisi\u00f3n Industrial de Puerto Rico", 
            "postal_address": "", 
            "enabled": true, 
            "director": "", 
            "registration": 1411
        }
    }, 
    {
        "pk": 25, 
        "model": "agencies.agency", 
        "fields": {
            "physical_address": "", 
            "name": "Consejo de Desarrollo Ocupacional y Recursos Humanos", 
            "postal_address": "", 
            "enabled": true, 
            "director": "", 
            "registration": 1467
        }
    }, 
    {
        "pk": 3, 
        "model": "agencies.agency", 
        "fields": {
            "physical_address": "", 
            "name": "Departamento de Agricultura", 
            "postal_address": "", 
            "enabled": true, 
            "director": "", 
            "registration": 1000
        }
    }, 
    {
        "pk": 7, 
        "model": "agencies.agency", 
        "fields": {
            "physical_address": "", 
            "name": "Departamento de Educaci\u00f3n", 
            "postal_address": "", 
            "enabled": true, 
            "director": "", 
            "registration": 1201
        }
    }, 
    {
        "pk": 4, 
        "model": "agencies.agency", 
        "fields": {
            "physical_address": "", 
            "name": "Departamento de Hacienda", 
            "postal_address": "", 
            "enabled": true, 
            "director": "", 
            "registration": 1031
        }
    }, 
    {
        "pk": 23, 
        "model": "agencies.agency", 
        "fields": {
            "physical_address": "", 
            "name": "Junta de Calidad Ambiental", 
            "postal_address": "", 
            "enabled": true, 
            "director": "", 
            "registration": 1463
        }
    }, 
    {
        "pk": 5, 
        "model": "agencies.agency", 
        "fields": {
            "physical_address": "", 
            "name": "Negociado de Auditor\u00eda Fiscal", 
            "postal_address": "", 
            "enabled": true, 
            "director": "", 
            "registration": 1035
        }
    }, 
    {
        "pk": 6, 
        "model": "agencies.agency", 
        "fields": {
            "physical_address": "", 
            "name": "Negociado de la Loter\u00eda de Puerto Rico", 
            "postal_address": "", 
            "enabled": true, 
            "director": "", 
            "registration": 1039
        }
    }, 
    {
        "pk": 1, 
        "model": "agencies.agency", 
        "fields": {
            "physical_address": "", 
            "name": "OGP3", 
            "postal_address": "", 
            "enabled": true, 
            "director": "", 
            "registration": 123
        }
    }, 
    {
        "pk": 22, 
        "model": "agencies.agency", 
        "fields": {
            "physical_address": "", 
            "name": "Oficina de Asuntos de la Juventud", 
            "postal_address": "", 
            "enabled": true, 
            "director": "", 
            "registration": 1458
        }
    }, 
    {
        "pk": 15, 
        "model": "agencies.agency", 
        "fields": {
            "physical_address": "", 
            "name": "Oficina de Gerencia y Presupuesto", 
            "postal_address": "", 
            "enabled": true, 
            "director": "", 
            "registration": 1430
        }
    }, 
    {
        "pk": 20, 
        "model": "agencies.agency", 
        "fields": {
            "physical_address": "", 
            "name": "Oficina de \u00c9tica Gubernamental", 
            "postal_address": "", 
            "enabled": true, 
            "director": "", 
            "registration": 1452
        }
    }, 
    {
        "pk": 21, 
        "model": "agencies.agency", 
        "fields": {
            "physical_address": "", 
            "name": "Oficina del Comisionado de Instituciones Financieras", 
            "postal_address": "", 
            "enabled": true, 
            "director": "", 
            "registration": 1453
        }
    }, 
    {
        "pk": 17, 
        "model": "agencies.agency", 
        "fields": {
            "physical_address": "", 
            "name": "Oficina del Comisionado de Seguros", 
            "postal_address": "", 
            "enabled": true, 
            "director": "", 
            "registration": 1436
        }
    }, 
    {
        "pk": 2, 
        "model": "agencies.agency", 
        "fields": {
            "physical_address": "", 
            "name": "Oficina del Contralor de Puerto Rico", 
            "postal_address": "", 
            "enabled": true, 
            "director": "", 
            "registration": 400
        }
    }, 
    {
        "pk": 18, 
        "model": "agencies.agency", 
        "fields": {
            "physical_address": "", 
            "name": "Oficina del Gobernador", 
            "postal_address": "", 
            "enabled": true, 
            "director": "", 
            "registration": 1437
        }
    }, 
    {
        "pk": 26, 
        "model": "agencies.agency", 
        "fields": {
            "physical_address": "", 
            "name": "Oficina del Principal Ejecutivo de Informaci\u00f3n del Gobierno de PR", 
            "postal_address": "", 
            "enabled": true, 
            "director": "", 
            "registration": 1470
        }
    }, 
    {
        "pk": 19, 
        "model": "agencies.agency", 
        "fields": {
            "physical_address": "", 
            "name": "Polic\u00eda de Puerto Rico", 
            "postal_address": "", 
            "enabled": true, 
            "director": "", 
            "registration": 1440
        }
    }, 
    {
        "pk": 14, 
        "model": "agencies.agency", 
        "fields": {
            "physical_address": "", 
            "name": "Sistema de Retiro para Maestros", 
            "postal_address": "", 
            "enabled": true, 
            "director": "", 
            "registration": 1429
        }
    }, 
    {
        "pk": 1, 
        "model": "projects.fiscalyear", 
        "fields": {
            "label": "2010-2011"
        }
    }, 
    {
        "pk": 2, 
        "model": "projects.fiscalyear", 
        "fields": {
            "label": "2011-2012"
        }
    }, 
    {
        "pk": 7, 
        "model": "projects.fiscalyear", 
        "fields": {
            "label": "2012-2013"
        }
    }, 
    {
        "pk": 4, 
        "model": "projects.fiscalyear", 
        "fields": {
            "label": "2013-2014"
        }
    }, 
    {
        "pk": 5, 
        "model": "projects.fiscalyear", 
        "fields": {
            "label": "2014-2015"
        }
    }, 
    {
        "pk": 6, 
        "model": "projects.fiscalyear", 
        "fields": {
            "label": "2015-2016"
        }
    }, 
    {
        "pk": 1, 
        "model": "projects.purpose", 
        "fields": {
            "enabled": true, 
            "label": "Compromiso Program\u00e1tico del Programa de Gobierno"
        }
    }, 
    {
        "pk": 10, 
        "model": "projects.purpose", 
        "fields": {
            "enabled": true, 
            "label": "Consolidaci\u00f3n de ahorros"
        }
    }, 
    {
        "pk": 2, 
        "model": "projects.purpose", 
        "fields": {
            "enabled": true, 
            "label": "Iniciativas"
        }
    }, 
    {
        "pk": 3, 
        "model": "projects.purpose", 
        "fields": {
            "enabled": true, 
            "label": "Ley"
        }
    }, 
    {
        "pk": 5, 
        "model": "projects.purpose", 
        "fields": {
            "enabled": true, 
            "label": "Normas"
        }
    }, 
    {
        "pk": 6, 
        "model": "projects.purpose", 
        "fields": {
            "enabled": true, 
            "label": "Orden Ejecutiva"
        }
    }, 
    {
        "pk": 8, 
        "model": "projects.purpose", 
        "fields": {
            "enabled": true, 
            "label": "Otros"
        }
    }, 
    {
        "pk": 7, 
        "model": "projects.purpose", 
        "fields": {
            "enabled": true, 
            "label": "Pol\u00edticas de TIG"
        }
    }, 
    {
        "pk": 9, 
        "model": "projects.purpose", 
        "fields": {
            "enabled": true, 
            "label": "Proyecto interagencial"
        }
    }, 
    {
        "pk": 4, 
        "model": "projects.purpose", 
        "fields": {
            "enabled": true, 
            "label": "Reglamentaci\u00f3n"
        }
    }, 
    {
        "pk": 13, 
        "model": "projects.classification", 
        "fields": {
            "enabled": true, 
            "label": "Bases de Datos"
        }
    }, 
    {
        "pk": 16, 
        "model": "projects.classification", 
        "fields": {
            "enabled": true, 
            "label": "Desarrollo (Programacion)"
        }
    }, 
    {
        "pk": 10, 
        "model": "projects.classification", 
        "fields": {
            "enabled": true, 
            "label": "Infraestructura"
        }
    }, 
    {
        "pk": 17, 
        "model": "projects.classification", 
        "fields": {
            "enabled": true, 
            "label": "Manejo de Proyecto"
        }
    }, 
    {
        "pk": 14, 
        "model": "projects.classification", 
        "fields": {
            "enabled": true, 
            "label": "Mensajer\u00eda"
        }
    }, 
    {
        "pk": 19, 
        "model": "projects.classification", 
        "fields": {
            "enabled": true, 
            "label": "Otro"
        }
    }, 
    {
        "pk": 18, 
        "model": "projects.classification", 
        "fields": {
            "enabled": true, 
            "label": "Programa Federal"
        }
    }, 
    {
        "pk": 12, 
        "model": "projects.classification", 
        "fields": {
            "enabled": true, 
            "label": "Servidores"
        }
    }, 
    {
        "pk": 11, 
        "model": "projects.classification", 
        "fields": {
            "enabled": true, 
            "label": "Telecomunicaciones"
        }
    }, 
    {
        "pk": 15, 
        "model": "projects.classification", 
        "fields": {
            "enabled": true, 
            "label": "Web (Front End)"
        }
    }, 
    {
        "pk": 2, 
        "model": "projects.stage", 
        "fields": {
            "enabled": true, 
            "label": "An\u00e1lisis y Dise\u00f1o"
        }
    }, 
    {
        "pk": 4, 
        "model": "projects.stage", 
        "fields": {
            "enabled": true, 
            "label": "Desarollo"
        }
    }, 
    {
        "pk": 3, 
        "model": "projects.stage", 
        "fields": {
            "enabled": true, 
            "label": "Implementaci\u00f3n"
        }
    }, 
    {
        "pk": 7, 
        "model": "projects.stage", 
        "fields": {
            "enabled": true, 
            "label": "Mantenimiento"
        }
    }, 
    {
        "pk": 1, 
        "model": "projects.stage", 
        "fields": {
            "enabled": true, 
            "label": "Planificaci\u00f3n"
        }
    }, 
    {
        "pk": 6, 
        "model": "projects.stage", 
        "fields": {
            "enabled": true, 
            "label": "Producci\u00f3n"
        }
    }, 
    {
        "pk": 5, 
        "model": "projects.stage", 
        "fields": {
            "enabled": true, 
            "label": "Pruebas"
        }
    }, 
    {
        "pk": 4, 
        "model": "projects.benefit", 
        "fields": {
            "enabled": true, 
            "label": "Actualizar el Equipo"
        }
    }, 
    {
        "pk": 3, 
        "model": "projects.benefit", 
        "fields": {
            "enabled": true, 
            "label": "Eliminar Procedimientos Manuales"
        }
    }, 
    {
        "pk": 1, 
        "model": "projects.benefit", 
        "fields": {
            "enabled": true, 
            "label": "Generar Econom\u00edas"
        }
    }, 
    {
        "pk": 2, 
        "model": "projects.benefit", 
        "fields": {
            "enabled": true, 
            "label": "Mejorar Servicios a la Clientela"
        }
    }, 
    {
        "pk": 5, 
        "model": "projects.benefit", 
        "fields": {
            "enabled": true, 
            "label": "Otros"
        }
    }, 
    {
        "pk": 3, 
        "model": "projects.topic", 
        "fields": {
            "enabled": true, 
            "label": "Desarrollo o Mejoras a las Pol\u00edticas de Compra y Arrendamiento"
        }
    }, 
    {
        "pk": 2, 
        "model": "projects.topic", 
        "fields": {
            "enabled": true, 
            "label": "Infraestructura de Comunicaci\u00f3n"
        }
    }, 
    {
        "pk": 1, 
        "model": "projects.topic", 
        "fields": {
            "enabled": true, 
            "label": "Reclutamiento y Retenci\u00f3n de Personal"
        }
    }, 
    {
        "pk": 1, 
        "model": "projects.opportunity", 
        "fields": {
            "enabled": true, 
            "label": "Compartir Datos"
        }
    }, 
    {
        "pk": 2, 
        "model": "projects.opportunity", 
        "fields": {
            "enabled": true, 
            "label": "Compartir Equipo (Hardware)"
        }
    }, 
    {
        "pk": 5, 
        "model": "projects.opportunity", 
        "fields": {
            "enabled": true, 
            "label": "Compartir Oportunidades de Adiestramiento"
        }
    }, 
    {
        "pk": 4, 
        "model": "projects.opportunity", 
        "fields": {
            "enabled": true, 
            "label": "Compartir Recursos Humanos"
        }
    }, 
    {
        "pk": 3, 
        "model": "projects.opportunity", 
        "fields": {
            "enabled": true, 
            "label": "Compartir Recursos de Programaci\u00f3n"
        }
    }, 
    {
        "pk": 5, 
        "model": "projects.department", 
        "fields": {
            "enabled": true, 
            "label": "Asuntos Legales"
        }
    }, 
    {
        "pk": 1, 
        "model": "projects.department", 
        "fields": {
            "enabled": true, 
            "label": "Finanzas y Presupuesto"
        }
    }, 
    {
        "pk": 6, 
        "model": "projects.department", 
        "fields": {
            "enabled": true, 
            "label": "Inform\u00e1tica"
        }
    }, 
    {
        "pk": 7, 
        "model": "projects.department", 
        "fields": {
            "enabled": true, 
            "label": "Oficina Ejecutiva"
        }
    }, 
    {
        "pk": 2, 
        "model": "projects.department", 
        "fields": {
            "enabled": true, 
            "label": "Recursos Humanos"
        }
    }, 
    {
        "pk": 3, 
        "model": "projects.department", 
        "fields": {
            "enabled": true, 
            "label": "Servicios Administrativos"
        }
    }, 
    {
        "pk": 4, 
        "model": "projects.department", 
        "fields": {
            "enabled": true, 
            "label": "Servicios Operacionales"
        }
    }, 
    {
        "pk": 3, 
        "model": "projects.project", 
        "fields": {
            "agency": 16, 
            "datetime_created": "2013-02-19T21:07:20.050Z", 
            "label": "Plan de renovacion computadoras"
        }
    }, 
    {
        "pk": 2, 
        "model": "projects.project", 
        "fields": {
            "agency": 16, 
            "datetime_created": "2013-02-19T07:28:00.720Z", 
            "label": "Portal PAART"
        }
    }, 
    {
        "pk": 1, 
        "model": "projects.project", 
        "fields": {
            "agency": 1, 
            "datetime_created": "2013-02-18T04:00:00Z", 
            "label": "Test project"
        }
    }, 
    {
        "pk": 4, 
        "model": "projects.project", 
        "fields": {
            "agency": 16, 
            "datetime_created": "2013-02-25T22:29:24.810Z", 
            "label": "test"
        }
    }, 
    {
        "pk": 5, 
        "model": "projects.project", 
        "fields": {
            "agency": 16, 
            "datetime_created": "2013-02-25T22:37:16.649Z", 
            "label": "test2"
        }
    }, 
    {
        "pk": 1, 
        "model": "projects.projectbudget", 
        "fields": {
            "limitations": "asd", 
            "presumptions": "asd", 
            "infrastructure": "N", 
            "requirements": "asd", 
            "project": 2, 
            "director": "asd", 
            "risks": "asd", 
            "benefits": "asd"
        }
    }, 
    {
        "pk": 1, 
        "model": "projects.projectdetails", 
        "fields": {
            "project": 2, 
            "priority": 2, 
            "stage": 2, 
            "start_period": 2, 
            "end_period": 2
        }
    }, 
    {
        "pk": 1, 
        "model": "projects.projectopportunities", 
        "fields": {
            "project": 2, 
            "explanation": "asd", 
            "opportunity": [], 
            "other_agencies": [], 
            "sharing_benefit": []
        }
    }, 
    {
        "pk": 1, 
        "model": "projects.projectfile", 
        "fields": {
            "project": 3, 
            "file": "project_files/Screenshot_from_2013-02-15_040344.png", 
            "label": "qwe"
        }
    }, 
    {
        "pk": 1, 
        "model": "telecomm.provider", 
        "fields": {
            "label": "AT&T"
        }
    }, 
    {
        "pk": 4, 
        "model": "telecomm.provider", 
        "fields": {
            "label": "MetroNet"
        }
    }, 
    {
        "pk": 3, 
        "model": "telecomm.provider", 
        "fields": {
            "label": "PRTC"
        }
    }, 
    {
        "pk": 2, 
        "model": "telecomm.provider", 
        "fields": {
            "label": "Sprint"
        }
    }, 
    {
        "pk": 1, 
        "model": "telecomm.equipment", 
        "fields": {
            "intranet_connectivity": true, 
            "wifi_costs": null, 
            "agency": 16, 
            "datetime_created": "2013-02-18T04:00:00Z", 
            "label": "Router", 
            "internet_provider": 1, 
            "internet_connectivity": true, 
            "internet_employees": false, 
            "purpose": "qwe", 
            "uses_wifi": false, 
            "internet_costs": 3333, 
            "uses_ogp_antenna": false, 
            "wifi_provider": null
        }
    }, 
    {
        "pk": 1, 
        "model": "tools.development", 
        "fields": {
            "label": "Visual Studio"
        }
    }, 
    {
        "pk": 1, 
        "model": "tools.backup", 
        "fields": {
            "label": "NetBackup"
        }
    }, 
    {
        "pk": 1, 
        "model": "tools.firewall", 
        "fields": {
            "label": "EasyFW"
        }
    }, 
    {
        "pk": 1, 
        "model": "tools.antivirus", 
        "fields": {
            "label": "Symantec"
        }
    }, 
    {
        "pk": 1, 
        "model": "tools.toolsprofile", 
        "fields": {
            "development": [
                1
            ], 
            "desktops": 3, 
            "firewall": [
                1
            ], 
            "notebooks": 3, 
            "agency": 16, 
            "datetime_created": "2013-02-18T04:00:00Z", 
            "servers": 3, 
            "antivirus": [
                1
            ], 
            "backup": [
                1
            ]
        }
    }, 
    {
        "pk": 1, 
        "model": "workflows.workflowtype", 
        "fields": {
            "initial_action": 3, 
            "initial_state": 1, 
            "description": "", 
            "label": "Evaluaci\u00f3n de proyectos"
        }
    }, 
    {
        "pk": 3, 
        "model": "workflows.workflowtypestate", 
        "fields": {
            "label": "Aprobado", 
            "description": "El proyecto es aceptado tal y como fue radicado.", 
            "workflow_type": 1
        }
    }, 
    {
        "pk": 5, 
        "model": "workflows.workflowtypestate", 
        "fields": {
            "label": "Objetado", 
            "description": "El proyecto no es aceptado pero se permite editar o enmendar y volver a someter.", 
            "workflow_type": 1
        }
    }, 
    {
        "pk": 4, 
        "model": "workflows.workflowtypestate", 
        "fields": {
            "label": "Rechazado", 
            "description": "El proyecto es rechazado y no puede volver a ser sometido.", 
            "workflow_type": 1
        }
    }, 
    {
        "pk": 1, 
        "model": "workflows.workflowtypestate", 
        "fields": {
            "label": "Sin someter", 
            "description": "El proyecto a sido creado pero la entrada de datos a un no ha sido completada y el proceso de evaluaci\u00f3n no ha comenzado.", 
            "workflow_type": 1
        }
    }, 
    {
        "pk": 2, 
        "model": "workflows.workflowtypestate", 
        "fields": {
            "label": "Sometido para evaluaci\u00f3n", 
            "description": "Toda la informacion del proyecto ha sido entrada y ha sido sometido al TIG para evaluacion.", 
            "workflow_type": 1
        }
    }, 
    {
        "pk": 1, 
        "model": "workflows.workflowtyperelation", 
        "fields": {
            "content_type": 17, 
            "workflow_type": 1
        }
    }, 
    {
        "pk": 1, 
        "model": "workflows.workflowinstance", 
        "fields": {
            "workflow_type": 1, 
            "content_type": 17, 
            "datetime_created": "2013-02-21T07:13:09.615Z", 
            "object_id": 3
        }
    }, 
    {
        "pk": 1, 
        "model": "workflows.workflowinstancestate", 
        "fields": {
            "workflow_instance": 1, 
            "datetime_created": "2013-02-21T07:21:54.652Z", 
            "workflow_state": 3
        }
    }, 
    {
        "pk": 2, 
        "model": "workflows.workflowinstancestate", 
        "fields": {
            "workflow_instance": 1, 
            "datetime_created": "2013-02-22T00:15:38.140Z", 
            "workflow_state": 1
        }
    }, 
    {
        "pk": 3, 
        "model": "workflows.workflowinstancestate", 
        "fields": {
            "workflow_instance": 1, 
            "datetime_created": "2013-02-22T00:16:01.733Z", 
            "workflow_state": 2
        }
    }, 
    {
        "pk": 4, 
        "model": "workflows.workflowinstancestate", 
        "fields": {
            "workflow_instance": 1, 
            "datetime_created": "2013-02-22T00:16:16.607Z", 
            "workflow_state": 3
        }
    }, 
    {
        "pk": 5, 
        "model": "workflows.workflowinstancestate", 
        "fields": {
            "workflow_instance": 1, 
            "datetime_created": "2013-02-22T00:17:46.225Z", 
            "workflow_state": 1
        }
    }, 
    {
        "pk": 6, 
        "model": "workflows.workflowinstancestate", 
        "fields": {
            "workflow_instance": 1, 
            "datetime_created": "2013-02-22T00:19:07.824Z", 
            "workflow_state": 2
        }
    }, 
    {
        "pk": 7, 
        "model": "workflows.workflowinstancestate", 
        "fields": {
            "workflow_instance": 1, 
            "datetime_created": "2013-02-22T00:20:02.571Z", 
            "workflow_state": 1
        }
    }, 
    {
        "pk": 8, 
        "model": "workflows.workflowinstancestate", 
        "fields": {
            "workflow_instance": 1, 
            "datetime_created": "2013-02-22T15:58:32.367Z", 
            "workflow_state": 1
        }
    }, 
    {
        "pk": 9, 
        "model": "workflows.workflowinstancestate", 
        "fields": {
            "workflow_instance": 1, 
            "datetime_created": "2013-02-22T20:57:51.114Z", 
            "workflow_state": 2
        }
    }, 
    {
        "pk": 52, 
        "model": "auth.permission", 
        "fields": {
            "codename": "add_accessentry", 
            "name": "Can add access entry", 
            "content_type": 18
        }
    }, 
    {
        "pk": 53, 
        "model": "auth.permission", 
        "fields": {
            "codename": "change_accessentry", 
            "name": "Can change access entry", 
            "content_type": 18
        }
    }, 
    {
        "pk": 54, 
        "model": "auth.permission", 
        "fields": {
            "codename": "delete_accessentry", 
            "name": "Can delete access entry", 
            "content_type": 18
        }
    }, 
    {
        "pk": 58, 
        "model": "auth.permission", 
        "fields": {
            "codename": "add_creatorsingleton", 
            "name": "Can add creator", 
            "content_type": 20
        }
    }, 
    {
        "pk": 59, 
        "model": "auth.permission", 
        "fields": {
            "codename": "change_creatorsingleton", 
            "name": "Can change creator", 
            "content_type": 20
        }
    }, 
    {
        "pk": 60, 
        "model": "auth.permission", 
        "fields": {
            "codename": "delete_creatorsingleton", 
            "name": "Can delete creator", 
            "content_type": 20
        }
    }, 
    {
        "pk": 55, 
        "model": "auth.permission", 
        "fields": {
            "codename": "add_defaultaccessentry", 
            "name": "Can add default access entry", 
            "content_type": 19
        }
    }, 
    {
        "pk": 56, 
        "model": "auth.permission", 
        "fields": {
            "codename": "change_defaultaccessentry", 
            "name": "Can change default access entry", 
            "content_type": 19
        }
    }, 
    {
        "pk": 57, 
        "model": "auth.permission", 
        "fields": {
            "codename": "delete_defaultaccessentry", 
            "name": "Can delete default access entry", 
            "content_type": 19
        }
    }, 
    {
        "pk": 19, 
        "model": "auth.permission", 
        "fields": {
            "codename": "add_logentry", 
            "name": "Can add log entry", 
            "content_type": 7
        }
    }, 
    {
        "pk": 20, 
        "model": "auth.permission", 
        "fields": {
            "codename": "change_logentry", 
            "name": "Can change log entry", 
            "content_type": 7
        }
    }, 
    {
        "pk": 21, 
        "model": "auth.permission", 
        "fields": {
            "codename": "delete_logentry", 
            "name": "Can delete log entry", 
            "content_type": 7
        }
    }, 
    {
        "pk": 25, 
        "model": "auth.permission", 
        "fields": {
            "codename": "add_agency", 
            "name": "Can add agency", 
            "content_type": 9
        }
    }, 
    {
        "pk": 26, 
        "model": "auth.permission", 
        "fields": {
            "codename": "change_agency", 
            "name": "Can change agency", 
            "content_type": 9
        }
    }, 
    {
        "pk": 27, 
        "model": "auth.permission", 
        "fields": {
            "codename": "delete_agency", 
            "name": "Can delete agency", 
            "content_type": 9
        }
    }, 
    {
        "pk": 4, 
        "model": "auth.permission", 
        "fields": {
            "codename": "add_group", 
            "name": "Can add group", 
            "content_type": 2
        }
    }, 
    {
        "pk": 5, 
        "model": "auth.permission", 
        "fields": {
            "codename": "change_group", 
            "name": "Can change group", 
            "content_type": 2
        }
    }, 
    {
        "pk": 6, 
        "model": "auth.permission", 
        "fields": {
            "codename": "delete_group", 
            "name": "Can delete group", 
            "content_type": 2
        }
    }, 
    {
        "pk": 1, 
        "model": "auth.permission", 
        "fields": {
            "codename": "add_permission", 
            "name": "Can add permission", 
            "content_type": 1
        }
    }, 
    {
        "pk": 2, 
        "model": "auth.permission", 
        "fields": {
            "codename": "change_permission", 
            "name": "Can change permission", 
            "content_type": 1
        }
    }, 
    {
        "pk": 3, 
        "model": "auth.permission", 
        "fields": {
            "codename": "delete_permission", 
            "name": "Can delete permission", 
            "content_type": 1
        }
    }, 
    {
        "pk": 7, 
        "model": "auth.permission", 
        "fields": {
            "codename": "add_user", 
            "name": "Can add user", 
            "content_type": 3
        }
    }, 
    {
        "pk": 8, 
        "model": "auth.permission", 
        "fields": {
            "codename": "change_user", 
            "name": "Can change user", 
            "content_type": 3
        }
    }, 
    {
        "pk": 9, 
        "model": "auth.permission", 
        "fields": {
            "codename": "delete_user", 
            "name": "Can delete user", 
            "content_type": 3
        }
    }, 
    {
        "pk": 76, 
        "model": "auth.permission", 
        "fields": {
            "codename": "add_anonymoususersingleton", 
            "name": "Can add anonymous user", 
            "content_type": 26
        }
    }, 
    {
        "pk": 77, 
        "model": "auth.permission", 
        "fields": {
            "codename": "change_anonymoususersingleton", 
            "name": "Can change anonymous user", 
            "content_type": 26
        }
    }, 
    {
        "pk": 78, 
        "model": "auth.permission", 
        "fields": {
            "codename": "delete_anonymoususersingleton", 
            "name": "Can delete anonymous user", 
            "content_type": 26
        }
    }, 
    {
        "pk": 79, 
        "model": "auth.permission", 
        "fields": {
            "codename": "add_autoadminsingleton", 
            "name": "Can add auto admin properties", 
            "content_type": 27
        }
    }, 
    {
        "pk": 80, 
        "model": "auth.permission", 
        "fields": {
            "codename": "change_autoadminsingleton", 
            "name": "Can change auto admin properties", 
            "content_type": 27
        }
    }, 
    {
        "pk": 81, 
        "model": "auth.permission", 
        "fields": {
            "codename": "delete_autoadminsingleton", 
            "name": "Can delete auto admin properties", 
            "content_type": 27
        }
    }, 
    {
        "pk": 10, 
        "model": "auth.permission", 
        "fields": {
            "codename": "add_contenttype", 
            "name": "Can add content type", 
            "content_type": 4
        }
    }, 
    {
        "pk": 11, 
        "model": "auth.permission", 
        "fields": {
            "codename": "change_contenttype", 
            "name": "Can change content type", 
            "content_type": 4
        }
    }, 
    {
        "pk": 12, 
        "model": "auth.permission", 
        "fields": {
            "codename": "delete_contenttype", 
            "name": "Can delete content type", 
            "content_type": 4
        }
    }, 
    {
        "pk": 61, 
        "model": "auth.permission", 
        "fields": {
            "codename": "add_recentsearch", 
            "name": "Can add recent search", 
            "content_type": 21
        }
    }, 
    {
        "pk": 62, 
        "model": "auth.permission", 
        "fields": {
            "codename": "change_recentsearch", 
            "name": "Can change recent search", 
            "content_type": 21
        }
    }, 
    {
        "pk": 63, 
        "model": "auth.permission", 
        "fields": {
            "codename": "delete_recentsearch", 
            "name": "Can delete recent search", 
            "content_type": 21
        }
    }, 
    {
        "pk": 67, 
        "model": "auth.permission", 
        "fields": {
            "codename": "add_permissionholder", 
            "name": "Can add permission holder", 
            "content_type": 23
        }
    }, 
    {
        "pk": 68, 
        "model": "auth.permission", 
        "fields": {
            "codename": "change_permissionholder", 
            "name": "Can change permission holder", 
            "content_type": 23
        }
    }, 
    {
        "pk": 69, 
        "model": "auth.permission", 
        "fields": {
            "codename": "delete_permissionholder", 
            "name": "Can delete permission holder", 
            "content_type": 23
        }
    }, 
    {
        "pk": 70, 
        "model": "auth.permission", 
        "fields": {
            "codename": "add_role", 
            "name": "Can add role", 
            "content_type": 24
        }
    }, 
    {
        "pk": 71, 
        "model": "auth.permission", 
        "fields": {
            "codename": "change_role", 
            "name": "Can change role", 
            "content_type": 24
        }
    }, 
    {
        "pk": 72, 
        "model": "auth.permission", 
        "fields": {
            "codename": "delete_role", 
            "name": "Can delete role", 
            "content_type": 24
        }
    }, 
    {
        "pk": 73, 
        "model": "auth.permission", 
        "fields": {
            "codename": "add_rolemember", 
            "name": "Can add role member", 
            "content_type": 25
        }
    }, 
    {
        "pk": 74, 
        "model": "auth.permission", 
        "fields": {
            "codename": "change_rolemember", 
            "name": "Can change role member", 
            "content_type": 25
        }
    }, 
    {
        "pk": 75, 
        "model": "auth.permission", 
        "fields": {
            "codename": "delete_rolemember", 
            "name": "Can delete role member", 
            "content_type": 25
        }
    }, 
    {
        "pk": 64, 
        "model": "auth.permission", 
        "fields": {
            "codename": "add_storedpermission", 
            "name": "Can add permission", 
            "content_type": 22
        }
    }, 
    {
        "pk": 65, 
        "model": "auth.permission", 
        "fields": {
            "codename": "change_storedpermission", 
            "name": "Can change permission", 
            "content_type": 22
        }
    }, 
    {
        "pk": 66, 
        "model": "auth.permission", 
        "fields": {
            "codename": "delete_storedpermission", 
            "name": "Can delete permission", 
            "content_type": 22
        }
    }, 
    {
        "pk": 40, 
        "model": "auth.permission", 
        "fields": {
            "codename": "add_benefit", 
            "name": "Can add benefit", 
            "content_type": 14
        }
    }, 
    {
        "pk": 41, 
        "model": "auth.permission", 
        "fields": {
            "codename": "change_benefit", 
            "name": "Can change benefit", 
            "content_type": 14
        }
    }, 
    {
        "pk": 42, 
        "model": "auth.permission", 
        "fields": {
            "codename": "delete_benefit", 
            "name": "Can delete benefit", 
            "content_type": 14
        }
    }, 
    {
        "pk": 34, 
        "model": "auth.permission", 
        "fields": {
            "codename": "add_classification", 
            "name": "Can add classification", 
            "content_type": 12
        }
    }, 
    {
        "pk": 35, 
        "model": "auth.permission", 
        "fields": {
            "codename": "change_classification", 
            "name": "Can change classification", 
            "content_type": 12
        }
    }, 
    {
        "pk": 36, 
        "model": "auth.permission", 
        "fields": {
            "codename": "delete_classification", 
            "name": "Can delete classification", 
            "content_type": 12
        }
    }, 
    {
        "pk": 139, 
        "model": "auth.permission", 
        "fields": {
            "codename": "add_department", 
            "name": "Can add department", 
            "content_type": 47
        }
    }, 
    {
        "pk": 140, 
        "model": "auth.permission", 
        "fields": {
            "codename": "change_department", 
            "name": "Can change department", 
            "content_type": 47
        }
    }, 
    {
        "pk": 141, 
        "model": "auth.permission", 
        "fields": {
            "codename": "delete_department", 
            "name": "Can delete department", 
            "content_type": 47
        }
    }, 
    {
        "pk": 28, 
        "model": "auth.permission", 
        "fields": {
            "codename": "add_fiscalyear", 
            "name": "Can add fiscal year", 
            "content_type": 10
        }
    }, 
    {
        "pk": 29, 
        "model": "auth.permission", 
        "fields": {
            "codename": "change_fiscalyear", 
            "name": "Can change fiscal year", 
            "content_type": 10
        }
    }, 
    {
        "pk": 30, 
        "model": "auth.permission", 
        "fields": {
            "codename": "delete_fiscalyear", 
            "name": "Can delete fiscal year", 
            "content_type": 10
        }
    }, 
    {
        "pk": 46, 
        "model": "auth.permission", 
        "fields": {
            "codename": "add_opportunity", 
            "name": "Can add oportunity", 
            "content_type": 16
        }
    }, 
    {
        "pk": 47, 
        "model": "auth.permission", 
        "fields": {
            "codename": "change_opportunity", 
            "name": "Can change oportunity", 
            "content_type": 16
        }
    }, 
    {
        "pk": 48, 
        "model": "auth.permission", 
        "fields": {
            "codename": "delete_opportunity", 
            "name": "Can delete oportunity", 
            "content_type": 16
        }
    }, 
    {
        "pk": 49, 
        "model": "auth.permission", 
        "fields": {
            "codename": "add_project", 
            "name": "Can add project", 
            "content_type": 17
        }
    }, 
    {
        "pk": 50, 
        "model": "auth.permission", 
        "fields": {
            "codename": "change_project", 
            "name": "Can change project", 
            "content_type": 17
        }
    }, 
    {
        "pk": 51, 
        "model": "auth.permission", 
        "fields": {
            "codename": "delete_project", 
            "name": "Can delete project", 
            "content_type": 17
        }
    }, 
    {
        "pk": 106, 
        "model": "auth.permission", 
        "fields": {
            "codename": "add_projectbudget", 
            "name": "Can add project budget", 
            "content_type": 36
        }
    }, 
    {
        "pk": 107, 
        "model": "auth.permission", 
        "fields": {
            "codename": "change_projectbudget", 
            "name": "Can change project budget", 
            "content_type": 36
        }
    }, 
    {
        "pk": 108, 
        "model": "auth.permission", 
        "fields": {
            "codename": "delete_projectbudget", 
            "name": "Can delete project budget", 
            "content_type": 36
        }
    }, 
    {
        "pk": 109, 
        "model": "auth.permission", 
        "fields": {
            "codename": "add_projectdetails", 
            "name": "Can add project details", 
            "content_type": 37
        }
    }, 
    {
        "pk": 110, 
        "model": "auth.permission", 
        "fields": {
            "codename": "change_projectdetails", 
            "name": "Can change project details", 
            "content_type": 37
        }
    }, 
    {
        "pk": 111, 
        "model": "auth.permission", 
        "fields": {
            "codename": "delete_projectdetails", 
            "name": "Can delete project details", 
            "content_type": 37
        }
    }, 
    {
        "pk": 115, 
        "model": "auth.permission", 
        "fields": {
            "codename": "add_projectfile", 
            "name": "Can add project file", 
            "content_type": 39
        }
    }, 
    {
        "pk": 116, 
        "model": "auth.permission", 
        "fields": {
            "codename": "change_projectfile", 
            "name": "Can change project file", 
            "content_type": 39
        }
    }, 
    {
        "pk": 117, 
        "model": "auth.permission", 
        "fields": {
            "codename": "delete_projectfile", 
            "name": "Can delete project file", 
            "content_type": 39
        }
    }, 
    {
        "pk": 103, 
        "model": "auth.permission", 
        "fields": {
            "codename": "add_projectinfo", 
            "name": "Can add project details", 
            "content_type": 35
        }
    }, 
    {
        "pk": 104, 
        "model": "auth.permission", 
        "fields": {
            "codename": "change_projectinfo", 
            "name": "Can change project details", 
            "content_type": 35
        }
    }, 
    {
        "pk": 105, 
        "model": "auth.permission", 
        "fields": {
            "codename": "delete_projectinfo", 
            "name": "Can delete project details", 
            "content_type": 35
        }
    }, 
    {
        "pk": 112, 
        "model": "auth.permission", 
        "fields": {
            "codename": "add_projectopportunities", 
            "name": "Can add project opportunities", 
            "content_type": 38
        }
    }, 
    {
        "pk": 113, 
        "model": "auth.permission", 
        "fields": {
            "codename": "change_projectopportunities", 
            "name": "Can change project opportunities", 
            "content_type": 38
        }
    }, 
    {
        "pk": 114, 
        "model": "auth.permission", 
        "fields": {
            "codename": "delete_projectopportunities", 
            "name": "Can delete project opportunities", 
            "content_type": 38
        }
    }, 
    {
        "pk": 31, 
        "model": "auth.permission", 
        "fields": {
            "codename": "add_purpose", 
            "name": "Can add purpose", 
            "content_type": 11
        }
    }, 
    {
        "pk": 32, 
        "model": "auth.permission", 
        "fields": {
            "codename": "change_purpose", 
            "name": "Can change purpose", 
            "content_type": 11
        }
    }, 
    {
        "pk": 33, 
        "model": "auth.permission", 
        "fields": {
            "codename": "delete_purpose", 
            "name": "Can delete purpose", 
            "content_type": 11
        }
    }, 
    {
        "pk": 37, 
        "model": "auth.permission", 
        "fields": {
            "codename": "add_stage", 
            "name": "Can add stage", 
            "content_type": 13
        }
    }, 
    {
        "pk": 38, 
        "model": "auth.permission", 
        "fields": {
            "codename": "change_stage", 
            "name": "Can change stage", 
            "content_type": 13
        }
    }, 
    {
        "pk": 39, 
        "model": "auth.permission", 
        "fields": {
            "codename": "delete_stage", 
            "name": "Can delete stage", 
            "content_type": 13
        }
    }, 
    {
        "pk": 43, 
        "model": "auth.permission", 
        "fields": {
            "codename": "add_topic", 
            "name": "Can add topic", 
            "content_type": 15
        }
    }, 
    {
        "pk": 44, 
        "model": "auth.permission", 
        "fields": {
            "codename": "change_topic", 
            "name": "Can change topic", 
            "content_type": 15
        }
    }, 
    {
        "pk": 45, 
        "model": "auth.permission", 
        "fields": {
            "codename": "delete_topic", 
            "name": "Can delete topic", 
            "content_type": 15
        }
    }, 
    {
        "pk": 13, 
        "model": "auth.permission", 
        "fields": {
            "codename": "add_session", 
            "name": "Can add session", 
            "content_type": 5
        }
    }, 
    {
        "pk": 14, 
        "model": "auth.permission", 
        "fields": {
            "codename": "change_session", 
            "name": "Can change session", 
            "content_type": 5
        }
    }, 
    {
        "pk": 15, 
        "model": "auth.permission", 
        "fields": {
            "codename": "delete_session", 
            "name": "Can delete session", 
            "content_type": 5
        }
    }, 
    {
        "pk": 16, 
        "model": "auth.permission", 
        "fields": {
            "codename": "add_site", 
            "name": "Can add site", 
            "content_type": 6
        }
    }, 
    {
        "pk": 17, 
        "model": "auth.permission", 
        "fields": {
            "codename": "change_site", 
            "name": "Can change site", 
            "content_type": 6
        }
    }, 
    {
        "pk": 18, 
        "model": "auth.permission", 
        "fields": {
            "codename": "delete_site", 
            "name": "Can delete site", 
            "content_type": 6
        }
    }, 
    {
        "pk": 22, 
        "model": "auth.permission", 
        "fields": {
            "codename": "add_migrationhistory", 
            "name": "Can add migration history", 
            "content_type": 8
        }
    }, 
    {
        "pk": 23, 
        "model": "auth.permission", 
        "fields": {
            "codename": "change_migrationhistory", 
            "name": "Can change migration history", 
            "content_type": 8
        }
    }, 
    {
        "pk": 24, 
        "model": "auth.permission", 
        "fields": {
            "codename": "delete_migrationhistory", 
            "name": "Can delete migration history", 
            "content_type": 8
        }
    }, 
    {
        "pk": 85, 
        "model": "auth.permission", 
        "fields": {
            "codename": "add_equipment", 
            "name": "Can add telecomm equipment", 
            "content_type": 29
        }
    }, 
    {
        "pk": 86, 
        "model": "auth.permission", 
        "fields": {
            "codename": "change_equipment", 
            "name": "Can change telecomm equipment", 
            "content_type": 29
        }
    }, 
    {
        "pk": 87, 
        "model": "auth.permission", 
        "fields": {
            "codename": "delete_equipment", 
            "name": "Can delete telecomm equipment", 
            "content_type": 29
        }
    }, 
    {
        "pk": 82, 
        "model": "auth.permission", 
        "fields": {
            "codename": "add_provider", 
            "name": "Can add provider", 
            "content_type": 28
        }
    }, 
    {
        "pk": 83, 
        "model": "auth.permission", 
        "fields": {
            "codename": "change_provider", 
            "name": "Can change provider", 
            "content_type": 28
        }
    }, 
    {
        "pk": 84, 
        "model": "auth.permission", 
        "fields": {
            "codename": "delete_provider", 
            "name": "Can delete provider", 
            "content_type": 28
        }
    }, 
    {
        "pk": 97, 
        "model": "auth.permission", 
        "fields": {
            "codename": "add_antivirus", 
            "name": "Can add antivirus tool", 
            "content_type": 33
        }
    }, 
    {
        "pk": 98, 
        "model": "auth.permission", 
        "fields": {
            "codename": "change_antivirus", 
            "name": "Can change antivirus tool", 
            "content_type": 33
        }
    }, 
    {
        "pk": 99, 
        "model": "auth.permission", 
        "fields": {
            "codename": "delete_antivirus", 
            "name": "Can delete antivirus tool", 
            "content_type": 33
        }
    }, 
    {
        "pk": 91, 
        "model": "auth.permission", 
        "fields": {
            "codename": "add_backup", 
            "name": "Can add backup tool", 
            "content_type": 31
        }
    }, 
    {
        "pk": 92, 
        "model": "auth.permission", 
        "fields": {
            "codename": "change_backup", 
            "name": "Can change backup tool", 
            "content_type": 31
        }
    }, 
    {
        "pk": 93, 
        "model": "auth.permission", 
        "fields": {
            "codename": "delete_backup", 
            "name": "Can delete backup tool", 
            "content_type": 31
        }
    }, 
    {
        "pk": 88, 
        "model": "auth.permission", 
        "fields": {
            "codename": "add_development", 
            "name": "Can add development tool", 
            "content_type": 30
        }
    }, 
    {
        "pk": 89, 
        "model": "auth.permission", 
        "fields": {
            "codename": "change_development", 
            "name": "Can change development tool", 
            "content_type": 30
        }
    }, 
    {
        "pk": 90, 
        "model": "auth.permission", 
        "fields": {
            "codename": "delete_development", 
            "name": "Can delete development tool", 
            "content_type": 30
        }
    }, 
    {
        "pk": 94, 
        "model": "auth.permission", 
        "fields": {
            "codename": "add_firewall", 
            "name": "Can add firewall tool", 
            "content_type": 32
        }
    }, 
    {
        "pk": 95, 
        "model": "auth.permission", 
        "fields": {
            "codename": "change_firewall", 
            "name": "Can change firewall tool", 
            "content_type": 32
        }
    }, 
    {
        "pk": 96, 
        "model": "auth.permission", 
        "fields": {
            "codename": "delete_firewall", 
            "name": "Can delete firewall tool", 
            "content_type": 32
        }
    }, 
    {
        "pk": 100, 
        "model": "auth.permission", 
        "fields": {
            "codename": "add_toolsprofile", 
            "name": "Can add tool profile", 
            "content_type": 34
        }
    }, 
    {
        "pk": 101, 
        "model": "auth.permission", 
        "fields": {
            "codename": "change_toolsprofile", 
            "name": "Can change tool profile", 
            "content_type": 34
        }
    }, 
    {
        "pk": 102, 
        "model": "auth.permission", 
        "fields": {
            "codename": "delete_toolsprofile", 
            "name": "Can delete tool profile", 
            "content_type": 34
        }
    }, 
    {
        "pk": 130, 
        "model": "auth.permission", 
        "fields": {
            "codename": "add_workflowinstance", 
            "name": "Can add workflow type state", 
            "content_type": 44
        }
    }, 
    {
        "pk": 131, 
        "model": "auth.permission", 
        "fields": {
            "codename": "change_workflowinstance", 
            "name": "Can change workflow type state", 
            "content_type": 44
        }
    }, 
    {
        "pk": 132, 
        "model": "auth.permission", 
        "fields": {
            "codename": "delete_workflowinstance", 
            "name": "Can delete workflow type state", 
            "content_type": 44
        }
    }, 
    {
        "pk": 133, 
        "model": "auth.permission", 
        "fields": {
            "codename": "add_workflowinstancehistory", 
            "name": "Can add workflow instance history", 
            "content_type": 45
        }
    }, 
    {
        "pk": 134, 
        "model": "auth.permission", 
        "fields": {
            "codename": "change_workflowinstancehistory", 
            "name": "Can change workflow instance history", 
            "content_type": 45
        }
    }, 
    {
        "pk": 135, 
        "model": "auth.permission", 
        "fields": {
            "codename": "delete_workflowinstancehistory", 
            "name": "Can delete workflow instance history", 
            "content_type": 45
        }
    }, 
    {
        "pk": 136, 
        "model": "auth.permission", 
        "fields": {
            "codename": "add_workflowinstancestate", 
            "name": "Can add workflow instance state", 
            "content_type": 46
        }
    }, 
    {
        "pk": 137, 
        "model": "auth.permission", 
        "fields": {
            "codename": "change_workflowinstancestate", 
            "name": "Can change workflow instance state", 
            "content_type": 46
        }
    }, 
    {
        "pk": 138, 
        "model": "auth.permission", 
        "fields": {
            "codename": "delete_workflowinstancestate", 
            "name": "Can delete workflow instance state", 
            "content_type": 46
        }
    }, 
    {
        "pk": 118, 
        "model": "auth.permission", 
        "fields": {
            "codename": "add_workflowtype", 
            "name": "Can add workflow type", 
            "content_type": 40
        }
    }, 
    {
        "pk": 119, 
        "model": "auth.permission", 
        "fields": {
            "codename": "change_workflowtype", 
            "name": "Can change workflow type", 
            "content_type": 40
        }
    }, 
    {
        "pk": 120, 
        "model": "auth.permission", 
        "fields": {
            "codename": "delete_workflowtype", 
            "name": "Can delete workflow type", 
            "content_type": 40
        }
    }, 
    {
        "pk": 121, 
        "model": "auth.permission", 
        "fields": {
            "codename": "add_workflowtypeaction", 
            "name": "Can add workflow type action", 
            "content_type": 41
        }
    }, 
    {
        "pk": 122, 
        "model": "auth.permission", 
        "fields": {
            "codename": "change_workflowtypeaction", 
            "name": "Can change workflow type action", 
            "content_type": 41
        }
    }, 
    {
        "pk": 123, 
        "model": "auth.permission", 
        "fields": {
            "codename": "delete_workflowtypeaction", 
            "name": "Can delete workflow type action", 
            "content_type": 41
        }
    }, 
    {
        "pk": 127, 
        "model": "auth.permission", 
        "fields": {
            "codename": "add_workflowtyperelation", 
            "name": "Can add workflow type relation", 
            "content_type": 43
        }
    }, 
    {
        "pk": 128, 
        "model": "auth.permission", 
        "fields": {
            "codename": "change_workflowtyperelation", 
            "name": "Can change workflow type relation", 
            "content_type": 43
        }
    }, 
    {
        "pk": 129, 
        "model": "auth.permission", 
        "fields": {
            "codename": "delete_workflowtyperelation", 
            "name": "Can delete workflow type relation", 
            "content_type": 43
        }
    }, 
    {
        "pk": 124, 
        "model": "auth.permission", 
        "fields": {
            "codename": "add_workflowtypestate", 
            "name": "Can add workflow type state", 
            "content_type": 42
        }
    }, 
    {
        "pk": 125, 
        "model": "auth.permission", 
        "fields": {
            "codename": "change_workflowtypestate", 
            "name": "Can change workflow type state", 
            "content_type": 42
        }
    }, 
    {
        "pk": 126, 
        "model": "auth.permission", 
        "fields": {
            "codename": "delete_workflowtypestate", 
            "name": "Can delete workflow type state", 
            "content_type": 42
        }
    }, 
    {
        "pk": 1, 
        "model": "auth.group", 
        "fields": {
            "name": "Gerentes TIG", 
            "permissions": []
        }
    }, 
    {
        "pk": 1, 
        "model": "auth.user", 
        "fields": {
            "username": "admin", 
            "first_name": "", 
            "last_name": "", 
            "is_active": true, 
            "is_superuser": true, 
            "is_staff": true, 
            "last_login": "2013-02-25T22:35:31.556Z", 
            "groups": [], 
            "user_permissions": [], 
            "password": "pbkdf2_sha256$10000$I9Cu5PpTNY9F$bvw/iSqpfLHoQDfhDbS3sk8gNDwc3hnpZy1qoHD+i6I=", 
            "email": "admin@admin.com", 
            "date_joined": "2013-02-13T15:33:23.113Z"
        }
    }, 
    {
        "pk": 2, 
        "model": "auth.user", 
        "fields": {
            "username": "test", 
            "first_name": "test user", 
            "last_name": "", 
            "is_active": true, 
            "is_superuser": false, 
            "is_staff": false, 
            "last_login": "2013-02-25T22:36:03.873Z", 
            "groups": [], 
            "user_permissions": [], 
            "password": "pbkdf2_sha256$10000$LmDZwOu68O9U$uVgtajS+xdwGKUO2d46FxASQ1SbiCakDZpzomOYz+TU=", 
            "email": "", 
            "date_joined": "2013-02-25T22:26:17Z"
        }
    }, 
    {
        "pk": 159, 
        "model": "admin.logentry", 
        "fields": {
            "action_flag": 2, 
            "action_time": "2013-02-25T22:26:29.034Z", 
            "object_repr": "test", 
            "object_id": "2", 
            "change_message": "Modificado/a password y first_name.", 
            "user": 1, 
            "content_type": 3
        }
    }, 
    {
        "pk": 158, 
        "model": "admin.logentry", 
        "fields": {
            "action_flag": 1, 
            "action_time": "2013-02-25T22:26:17.560Z", 
            "object_repr": "test", 
            "object_id": "2", 
            "change_message": "", 
            "user": 1, 
            "content_type": 3
        }
    }, 
    {
        "pk": 157, 
        "model": "admin.logentry", 
        "fields": {
            "action_flag": 1, 
            "action_time": "2013-02-25T21:22:49.343Z", 
            "object_repr": "Oficina Ejecutiva", 
            "object_id": "7", 
            "change_message": "", 
            "user": 1, 
            "content_type": 47
        }
    }, 
    {
        "pk": 156, 
        "model": "admin.logentry", 
        "fields": {
            "action_flag": 1, 
            "action_time": "2013-02-25T21:22:42.873Z", 
            "object_repr": "Inform\u00e1tica", 
            "object_id": "6", 
            "change_message": "", 
            "user": 1, 
            "content_type": 47
        }
    }, 
    {
        "pk": 155, 
        "model": "admin.logentry", 
        "fields": {
            "action_flag": 1, 
            "action_time": "2013-02-25T21:22:36.073Z", 
            "object_repr": "Asuntos Legales", 
            "object_id": "5", 
            "change_message": "", 
            "user": 1, 
            "content_type": 47
        }
    }, 
    {
        "pk": 154, 
        "model": "admin.logentry", 
        "fields": {
            "action_flag": 1, 
            "action_time": "2013-02-25T21:22:29.303Z", 
            "object_repr": "Servicios Operacionales", 
            "object_id": "4", 
            "change_message": "", 
            "user": 1, 
            "content_type": 47
        }
    }, 
    {
        "pk": 153, 
        "model": "admin.logentry", 
        "fields": {
            "action_flag": 1, 
            "action_time": "2013-02-25T21:22:21.146Z", 
            "object_repr": "Servicios Administrativos", 
            "object_id": "3", 
            "change_message": "", 
            "user": 1, 
            "content_type": 47
        }
    }, 
    {
        "pk": 152, 
        "model": "admin.logentry", 
        "fields": {
            "action_flag": 1, 
            "action_time": "2013-02-25T21:21:00.019Z", 
            "object_repr": "Recursos Humanos", 
            "object_id": "2", 
            "change_message": "", 
            "user": 1, 
            "content_type": 47
        }
    }, 
    {
        "pk": 151, 
        "model": "admin.logentry", 
        "fields": {
            "action_flag": 1, 
            "action_time": "2013-02-25T21:20:53.724Z", 
            "object_repr": "Finanzas y Presupuesto", 
            "object_id": "1", 
            "change_message": "", 
            "user": 1, 
            "content_type": 47
        }
    }, 
    {
        "pk": 150, 
        "model": "admin.logentry", 
        "fields": {
            "action_flag": 2, 
            "action_time": "2013-02-25T20:30:29.039Z", 
            "object_repr": "Administraci\u00f3n de Asuntos de Energ\u00e9ticos", 
            "object_id": "16", 
            "change_message": "Modificado/a enabled.", 
            "user": 1, 
            "content_type": 9
        }
    }, 
    {
        "pk": 149, 
        "model": "admin.logentry", 
        "fields": {
            "action_flag": 2, 
            "action_time": "2013-02-25T20:30:22.435Z", 
            "object_repr": "Administraci\u00f3n de Asuntos de Energ\u00e9ticos", 
            "object_id": "16", 
            "change_message": "Modificado/a enabled.", 
            "user": 1, 
            "content_type": 9
        }
    }, 
    {
        "pk": 148, 
        "model": "admin.logentry", 
        "fields": {
            "action_flag": 1, 
            "action_time": "2013-02-25T20:14:12.742Z", 
            "object_repr": "2012-2013", 
            "object_id": "7", 
            "change_message": "", 
            "user": 1, 
            "content_type": 10
        }
    }, 
    {
        "pk": 147, 
        "model": "admin.logentry", 
        "fields": {
            "action_flag": 3, 
            "action_time": "2013-02-25T20:12:35.918Z", 
            "object_repr": "2012-2013", 
            "object_id": "3", 
            "change_message": "", 
            "user": 1, 
            "content_type": 10
        }
    }, 
    {
        "pk": 146, 
        "model": "admin.logentry", 
        "fields": {
            "action_flag": 1, 
            "action_time": "2013-02-25T19:45:35.502Z", 
            "object_repr": "Otro", 
            "object_id": "19", 
            "change_message": "", 
            "user": 1, 
            "content_type": 12
        }
    }, 
    {
        "pk": 145, 
        "model": "admin.logentry", 
        "fields": {
            "action_flag": 1, 
            "action_time": "2013-02-25T19:45:30.124Z", 
            "object_repr": "Programa Federal", 
            "object_id": "18", 
            "change_message": "", 
            "user": 1, 
            "content_type": 12
        }
    }, 
    {
        "pk": 144, 
        "model": "admin.logentry", 
        "fields": {
            "action_flag": 1, 
            "action_time": "2013-02-25T19:45:23.456Z", 
            "object_repr": "Manejo de Proyecto", 
            "object_id": "17", 
            "change_message": "", 
            "user": 1, 
            "content_type": 12
        }
    }, 
    {
        "pk": 143, 
        "model": "admin.logentry", 
        "fields": {
            "action_flag": 1, 
            "action_time": "2013-02-25T19:45:16.067Z", 
            "object_repr": "Desarrollo (Programacion)", 
            "object_id": "16", 
            "change_message": "", 
            "user": 1, 
            "content_type": 12
        }
    }, 
    {
        "pk": 142, 
        "model": "admin.logentry", 
        "fields": {
            "action_flag": 1, 
            "action_time": "2013-02-25T19:45:10.813Z", 
            "object_repr": "Web (Front End)", 
            "object_id": "15", 
            "change_message": "", 
            "user": 1, 
            "content_type": 12
        }
    }, 
    {
        "pk": 141, 
        "model": "admin.logentry", 
        "fields": {
            "action_flag": 1, 
            "action_time": "2013-02-25T19:45:01.320Z", 
            "object_repr": "Mensajer\u00eda", 
            "object_id": "14", 
            "change_message": "", 
            "user": 1, 
            "content_type": 12
        }
    }, 
    {
        "pk": 140, 
        "model": "admin.logentry", 
        "fields": {
            "action_flag": 1, 
            "action_time": "2013-02-25T19:44:55.406Z", 
            "object_repr": "Bases de Datos", 
            "object_id": "13", 
            "change_message": "", 
            "user": 1, 
            "content_type": 12
        }
    }, 
    {
        "pk": 139, 
        "model": "admin.logentry", 
        "fields": {
            "action_flag": 1, 
            "action_time": "2013-02-25T19:44:46.705Z", 
            "object_repr": "Servidores", 
            "object_id": "12", 
            "change_message": "", 
            "user": 1, 
            "content_type": 12
        }
    }, 
    {
        "pk": 138, 
        "model": "admin.logentry", 
        "fields": {
            "action_flag": 1, 
            "action_time": "2013-02-25T19:44:40.953Z", 
            "object_repr": "Telecomunicaciones", 
            "object_id": "11", 
            "change_message": "", 
            "user": 1, 
            "content_type": 12
        }
    }, 
    {
        "pk": 137, 
        "model": "admin.logentry", 
        "fields": {
            "action_flag": 3, 
            "action_time": "2013-02-25T19:44:31.123Z", 
            "object_repr": "Seguridad del Ciudadano", 
            "object_id": "4", 
            "change_message": "", 
            "user": 1, 
            "content_type": 12
        }
    }, 
    {
        "pk": 136, 
        "model": "admin.logentry", 
        "fields": {
            "action_flag": 3, 
            "action_time": "2013-02-25T19:44:31.122Z", 
            "object_repr": "Seguridad de Infraestructura", 
            "object_id": "3", 
            "change_message": "", 
            "user": 1, 
            "content_type": 12
        }
    }, 
    {
        "pk": 135, 
        "model": "admin.logentry", 
        "fields": {
            "action_flag": 3, 
            "action_time": "2013-02-25T19:44:31.122Z", 
            "object_repr": "Seguridad de Estructura y Activos del Gobierno", 
            "object_id": "5", 
            "change_message": "", 
            "user": 1, 
            "content_type": 12
        }
    }, 
    {
        "pk": 134, 
        "model": "admin.logentry", 
        "fields": {
            "action_flag": 3, 
            "action_time": "2013-02-25T19:44:31.121Z", 
            "object_repr": "Recursos Humanos", 
            "object_id": "2", 
            "change_message": "", 
            "user": 1, 
            "content_type": 12
        }
    }, 
    {
        "pk": 133, 
        "model": "admin.logentry", 
        "fields": {
            "action_flag": 3, 
            "action_time": "2013-02-25T19:44:31.121Z", 
            "object_repr": "Otras", 
            "object_id": "9", 
            "change_message": "", 
            "user": 1, 
            "content_type": 12
        }
    }, 
    {
        "pk": 132, 
        "model": "admin.logentry", 
        "fields": {
            "action_flag": 3, 
            "action_time": "2013-02-25T19:44:31.120Z", 
            "object_repr": "Migraci\u00f3n a nuevas versiones", 
            "object_id": "8", 
            "change_message": "", 
            "user": 1, 
            "content_type": 12
        }
    }, 
    {
        "pk": 131, 
        "model": "admin.logentry", 
        "fields": {
            "action_flag": 3, 
            "action_time": "2013-02-25T19:44:31.119Z", 
            "object_repr": "Mejoras a Infraestructura del Centro de C\u00f3mputos", 
            "object_id": "7", 
            "change_message": "", 
            "user": 1, 
            "content_type": 12
        }
    }, 
    {
        "pk": 130, 
        "model": "admin.logentry", 
        "fields": {
            "action_flag": 3, 
            "action_time": "2013-02-25T19:44:31.119Z", 
            "object_repr": "Financiero", 
            "object_id": "1", 
            "change_message": "", 
            "user": 1, 
            "content_type": 12
        }
    }, 
    {
        "pk": 129, 
        "model": "admin.logentry", 
        "fields": {
            "action_flag": 3, 
            "action_time": "2013-02-25T19:44:31.117Z", 
            "object_repr": "Comunicaciones -- Redes", 
            "object_id": "6", 
            "change_message": "", 
            "user": 1, 
            "content_type": 12
        }
    }, 
    {
        "pk": 128, 
        "model": "admin.logentry", 
        "fields": {
            "action_flag": 1, 
            "action_time": "2013-02-25T19:44:12.828Z", 
            "object_repr": "Infraestructura", 
            "object_id": "10", 
            "change_message": "", 
            "user": 1, 
            "content_type": 12
        }
    }, 
    {
        "pk": 127, 
        "model": "admin.logentry", 
        "fields": {
            "action_flag": 1, 
            "action_time": "2013-02-25T19:43:22.336Z", 
            "object_repr": "Consolidaci\u00f3n de ahorros", 
            "object_id": "10", 
            "change_message": "", 
            "user": 1, 
            "content_type": 11
        }
    }, 
    {
        "pk": 126, 
        "model": "admin.logentry", 
        "fields": {
            "action_flag": 2, 
            "action_time": "2013-02-25T19:43:08.841Z", 
            "object_repr": "Ley", 
            "object_id": "3", 
            "change_message": "Modificado/a enabled.", 
            "user": 1, 
            "content_type": 11
        }
    }, 
    {
        "pk": 125, 
        "model": "admin.logentry", 
        "fields": {
            "action_flag": 2, 
            "action_time": "2013-02-25T19:41:22.680Z", 
            "object_repr": "Mantenimiento", 
            "object_id": "7", 
            "change_message": "Modificado/a enabled.", 
            "user": 1, 
            "content_type": 13
        }
    }, 
    {
        "pk": 124, 
        "model": "admin.logentry", 
        "fields": {
            "action_flag": 2, 
            "action_time": "2013-02-25T19:41:10.336Z", 
            "object_repr": "Mantenimiento", 
            "object_id": "7", 
            "change_message": "Modificado/a enabled.", 
            "user": 1, 
            "content_type": 13
        }
    }, 
    {
        "pk": 123, 
        "model": "admin.logentry", 
        "fields": {
            "action_flag": 2, 
            "action_time": "2013-02-25T17:54:11.721Z", 
            "object_repr": "Ley", 
            "object_id": "3", 
            "change_message": "Modificado/a enabled.", 
            "user": 1, 
            "content_type": 11
        }
    }, 
    {
        "pk": 122, 
        "model": "admin.logentry", 
        "fields": {
            "action_flag": 2, 
            "action_time": "2013-02-22T00:20:02.572Z", 
            "object_repr": "Objetar proyecto", 
            "object_id": "5", 
            "change_message": "Modificado/a comments.", 
            "user": 1, 
            "content_type": 45
        }
    }, 
    {
        "pk": 121, 
        "model": "admin.logentry", 
        "fields": {
            "action_flag": 3, 
            "action_time": "2013-02-22T00:19:33.992Z", 
            "object_repr": "Someter proyecto", 
            "object_id": "4", 
            "change_message": "", 
            "user": 1, 
            "content_type": 45
        }
    }, 
    {
        "pk": 120, 
        "model": "admin.logentry", 
        "fields": {
            "action_flag": 3, 
            "action_time": "2013-02-22T00:19:33.991Z", 
            "object_repr": "Aprobar proyecto", 
            "object_id": "3", 
            "change_message": "", 
            "user": 1, 
            "content_type": 45
        }
    }, 
    {
        "pk": 119, 
        "model": "admin.logentry", 
        "fields": {
            "action_flag": 3, 
            "action_time": "2013-02-22T00:17:08.558Z", 
            "object_repr": "Aprobar proyecto", 
            "object_id": "7", 
            "change_message": "", 
            "user": 1, 
            "content_type": 45
        }
    }, 
    {
        "pk": 118, 
        "model": "admin.logentry", 
        "fields": {
            "action_flag": 1, 
            "action_time": "2013-02-22T00:04:07.129Z", 
            "object_repr": "Someter proyecto", 
            "object_id": "4", 
            "change_message": "", 
            "user": 1, 
            "content_type": 45
        }
    }, 
    {
        "pk": 117, 
        "model": "admin.logentry", 
        "fields": {
            "action_flag": 2, 
            "action_time": "2013-02-21T23:12:46.797Z", 
            "object_repr": "Someter proyecto", 
            "object_id": "1", 
            "change_message": "Modificado/a required_permission.", 
            "user": 1, 
            "content_type": 41
        }
    }, 
    {
        "pk": 116, 
        "model": "admin.logentry", 
        "fields": {
            "action_flag": 2, 
            "action_time": "2013-02-21T23:10:16.089Z", 
            "object_repr": "Someter proyecto", 
            "object_id": "1", 
            "change_message": "Modificado/a required_permission.", 
            "user": 1, 
            "content_type": 41
        }
    }, 
    {
        "pk": 115, 
        "model": "admin.logentry", 
        "fields": {
            "action_flag": 2, 
            "action_time": "2013-02-21T22:35:29.957Z", 
            "object_repr": "Evaluaci\u00f3n de proyectos", 
            "object_id": "1", 
            "change_message": "Modificado/a label.", 
            "user": 1, 
            "content_type": 40
        }
    }, 
    {
        "pk": 114, 
        "model": "admin.logentry", 
        "fields": {
            "action_flag": 1, 
            "action_time": "2013-02-21T07:21:54.660Z", 
            "object_repr": "WorkflowInstanceState object", 
            "object_id": "1", 
            "change_message": "", 
            "user": 1, 
            "content_type": 46
        }
    }, 
    {
        "pk": 113, 
        "model": "admin.logentry", 
        "fields": {
            "action_flag": 1, 
            "action_time": "2013-02-21T07:18:24.217Z", 
            "object_repr": "WorkflowInstanceHistory object", 
            "object_id": "3", 
            "change_message": "", 
            "user": 1, 
            "content_type": 45
        }
    }, 
    {
        "pk": 112, 
        "model": "admin.logentry", 
        "fields": {
            "action_flag": 1, 
            "action_time": "2013-02-21T07:18:14.277Z", 
            "object_repr": "WorkflowInstanceHistory object", 
            "object_id": "2", 
            "change_message": "", 
            "user": 1, 
            "content_type": 45
        }
    }, 
    {
        "pk": 111, 
        "model": "admin.logentry", 
        "fields": {
            "action_flag": 1, 
            "action_time": "2013-02-21T07:17:59.077Z", 
            "object_repr": "WorkflowInstanceHistory object", 
            "object_id": "1", 
            "change_message": "", 
            "user": 1, 
            "content_type": 45
        }
    }, 
    {
        "pk": 110, 
        "model": "admin.logentry", 
        "fields": {
            "action_flag": 1, 
            "action_time": "2013-02-21T07:13:09.624Z", 
            "object_repr": "WorkflowInstance object", 
            "object_id": "1", 
            "change_message": "", 
            "user": 1, 
            "content_type": 44
        }
    }, 
    {
        "pk": 109, 
        "model": "admin.logentry", 
        "fields": {
            "action_flag": 1, 
            "action_time": "2013-02-21T07:09:08.083Z", 
            "object_repr": "WorkflowTypeRelation object", 
            "object_id": "1", 
            "change_message": "", 
            "user": 1, 
            "content_type": 43
        }
    }, 
    {
        "pk": 108, 
        "model": "admin.logentry", 
        "fields": {
            "action_flag": 2, 
            "action_time": "2013-02-21T06:43:24.020Z", 
            "object_repr": "Someter proyecto", 
            "object_id": "1", 
            "change_message": "Modificado/a label.", 
            "user": 1, 
            "content_type": 41
        }
    }, 
    {
        "pk": 107, 
        "model": "admin.logentry", 
        "fields": {
            "action_flag": 2, 
            "action_time": "2013-02-21T06:43:09.674Z", 
            "object_repr": "Objetar proyecto", 
            "object_id": "4", 
            "change_message": "Modificado/a label, connections y state.", 
            "user": 1, 
            "content_type": 41
        }
    }, 
    {
        "pk": 106, 
        "model": "admin.logentry", 
        "fields": {
            "action_flag": 2, 
            "action_time": "2013-02-21T06:42:49.781Z", 
            "object_repr": "Crear proyecto", 
            "object_id": "3", 
            "change_message": "Modificado/a label.", 
            "user": 1, 
            "content_type": 41
        }
    }, 
    {
        "pk": 105, 
        "model": "admin.logentry", 
        "fields": {
            "action_flag": 2, 
            "action_time": "2013-02-21T06:42:37.577Z", 
            "object_repr": "Aprobar proyecto", 
            "object_id": "2", 
            "change_message": "Modificado/a label.", 
            "user": 1, 
            "content_type": 41
        }
    }, 
    {
        "pk": 104, 
        "model": "admin.logentry", 
        "fields": {
            "action_flag": 2, 
            "action_time": "2013-02-21T06:42:26.624Z", 
            "object_repr": "Someter", 
            "object_id": "1", 
            "change_message": "Modificado/a connections.", 
            "user": 1, 
            "content_type": 41
        }
    }, 
    {
        "pk": 103, 
        "model": "admin.logentry", 
        "fields": {
            "action_flag": 1, 
            "action_time": "2013-02-21T06:40:43.552Z", 
            "object_repr": "Rechazar proyecto", 
            "object_id": "5", 
            "change_message": "", 
            "user": 1, 
            "content_type": 41
        }
    }, 
    {
        "pk": 102, 
        "model": "admin.logentry", 
        "fields": {
            "action_flag": 1, 
            "action_time": "2013-02-21T06:40:20.141Z", 
            "object_repr": "Objetado", 
            "object_id": "4", 
            "change_message": "", 
            "user": 1, 
            "content_type": 41
        }
    }, 
    {
        "pk": 101, 
        "model": "admin.logentry", 
        "fields": {
            "action_flag": 2, 
            "action_time": "2013-02-21T06:39:02.455Z", 
            "object_repr": "Someter", 
            "object_id": "1", 
            "change_message": "Modificado/a connections.", 
            "user": 1, 
            "content_type": 41
        }
    }, 
    {
        "pk": 100, 
        "model": "admin.logentry", 
        "fields": {
            "action_flag": 2, 
            "action_time": "2013-02-21T06:38:33.541Z", 
            "object_repr": "Aprobaci\u00f3n de proyectos", 
            "object_id": "1", 
            "change_message": "Modificado/a initial_action.", 
            "user": 1, 
            "content_type": 40
        }
    }, 
    {
        "pk": 99, 
        "model": "admin.logentry", 
        "fields": {
            "action_flag": 1, 
            "action_time": "2013-02-21T06:38:17.677Z", 
            "object_repr": "Creado", 
            "object_id": "3", 
            "change_message": "", 
            "user": 1, 
            "content_type": 41
        }
    }, 
    {
        "pk": 98, 
        "model": "admin.logentry", 
        "fields": {
            "action_flag": 2, 
            "action_time": "2013-02-21T06:37:23.263Z", 
            "object_repr": "Someter", 
            "object_id": "1", 
            "change_message": "Modificado/a auto_assignee_group.", 
            "user": 1, 
            "content_type": 41
        }
    }, 
    {
        "pk": 97, 
        "model": "admin.logentry", 
        "fields": {
            "action_flag": 1, 
            "action_time": "2013-02-21T06:36:58.573Z", 
            "object_repr": "Gerentes TIG", 
            "object_id": "1", 
            "change_message": "", 
            "user": 1, 
            "content_type": 2
        }
    }, 
    {
        "pk": 96, 
        "model": "admin.logentry", 
        "fields": {
            "action_flag": 1, 
            "action_time": "2013-02-21T06:36:42.744Z", 
            "object_repr": "Aprobado", 
            "object_id": "2", 
            "change_message": "", 
            "user": 1, 
            "content_type": 41
        }
    }, 
    {
        "pk": 95, 
        "model": "admin.logentry", 
        "fields": {
            "action_flag": 3, 
            "action_time": "2013-02-21T06:34:48.382Z", 
            "object_repr": "Creado", 
            "object_id": "2", 
            "change_message": "", 
            "user": 1, 
            "content_type": 41
        }
    }, 
    {
        "pk": 94, 
        "model": "admin.logentry", 
        "fields": {
            "action_flag": 2, 
            "action_time": "2013-02-21T06:34:03.951Z", 
            "object_repr": "Aprobaci\u00f3n de proyectos", 
            "object_id": "1", 
            "change_message": "Modificados description para \"Aprobado\" workflow type state. Modificados description para \"Objetado\" workflow type state. Modificados description para \"Rechazado\" workflow type state. Modificados description para \"Sin someter\" workflow type state. Modificados description para \"Sometido para evaluaci\u00f3n\" workflow type state.", 
            "user": 1, 
            "content_type": 40
        }
    }, 
    {
        "pk": 93, 
        "model": "admin.logentry", 
        "fields": {
            "action_flag": 2, 
            "action_time": "2013-02-21T06:30:29.430Z", 
            "object_repr": "Aprobaci\u00f3n de proyectos", 
            "object_id": "1", 
            "change_message": "A\u00f1adido/a \"Aprobado\" workflow type state. A\u00f1adido/a \"Rechazado\" workflow type state. A\u00f1adido/a \"Objetado\" workflow type state.", 
            "user": 1, 
            "content_type": 40
        }
    }, 
    {
        "pk": 92, 
        "model": "admin.logentry", 
        "fields": {
            "action_flag": 2, 
            "action_time": "2013-02-21T06:28:02.603Z", 
            "object_repr": "Someter", 
            "object_id": "1", 
            "change_message": "Modificado/a state.", 
            "user": 1, 
            "content_type": 41
        }
    }, 
    {
        "pk": 91, 
        "model": "admin.logentry", 
        "fields": {
            "action_flag": 2, 
            "action_time": "2013-02-21T06:27:47.797Z", 
            "object_repr": "Creado", 
            "object_id": "2", 
            "change_message": "Modificado/a state.", 
            "user": 1, 
            "content_type": 41
        }
    }, 
    {
        "pk": 90, 
        "model": "admin.logentry", 
        "fields": {
            "action_flag": 2, 
            "action_time": "2013-02-21T06:27:25.976Z", 
            "object_repr": "Creado", 
            "object_id": "2", 
            "change_message": "Modificado/a connections.", 
            "user": 1, 
            "content_type": 41
        }
    }, 
    {
        "pk": 89, 
        "model": "admin.logentry", 
        "fields": {
            "action_flag": 2, 
            "action_time": "2013-02-21T06:26:34.925Z", 
            "object_repr": "Someter", 
            "object_id": "1", 
            "change_message": "Modificado/a connections.", 
            "user": 1, 
            "content_type": 41
        }
    }, 
    {
        "pk": 88, 
        "model": "admin.logentry", 
        "fields": {
            "action_flag": 1, 
            "action_time": "2013-02-21T06:21:56.826Z", 
            "object_repr": "Creado", 
            "object_id": "2", 
            "change_message": "", 
            "user": 1, 
            "content_type": 41
        }
    }, 
    {
        "pk": 87, 
        "model": "admin.logentry", 
        "fields": {
            "action_flag": 2, 
            "action_time": "2013-02-21T06:21:18.239Z", 
            "object_repr": "Aprobaci\u00f3n de proyectos", 
            "object_id": "1", 
            "change_message": "Modificado/a initial_state.", 
            "user": 1, 
            "content_type": 40
        }
    }, 
    {
        "pk": 86, 
        "model": "admin.logentry", 
        "fields": {
            "action_flag": 1, 
            "action_time": "2013-02-21T06:19:08.607Z", 
            "object_repr": "Sometido para evaluaci\u00f3n", 
            "object_id": "2", 
            "change_message": "", 
            "user": 1, 
            "content_type": 42
        }
    }, 
    {
        "pk": 85, 
        "model": "admin.logentry", 
        "fields": {
            "action_flag": 1, 
            "action_time": "2013-02-21T06:17:11.757Z", 
            "object_repr": "Sin someter", 
            "object_id": "1", 
            "change_message": "", 
            "user": 1, 
            "content_type": 42
        }
    }, 
    {
        "pk": 84, 
        "model": "admin.logentry", 
        "fields": {
            "action_flag": 1, 
            "action_time": "2013-02-21T06:16:09.675Z", 
            "object_repr": "Someter", 
            "object_id": "1", 
            "change_message": "", 
            "user": 1, 
            "content_type": 41
        }
    }, 
    {
        "pk": 83, 
        "model": "admin.logentry", 
        "fields": {
            "action_flag": 2, 
            "action_time": "2013-02-21T06:09:04.849Z", 
            "object_repr": "Aprobaci\u00f3n de proyectos", 
            "object_id": "1", 
            "change_message": "Modificado/a label.", 
            "user": 1, 
            "content_type": 40
        }
    }, 
    {
        "pk": 82, 
        "model": "admin.logentry", 
        "fields": {
            "action_flag": 1, 
            "action_time": "2013-02-21T06:08:53.519Z", 
            "object_repr": "Aprovaci\u00f3n de proyectos", 
            "object_id": "1", 
            "change_message": "", 
            "user": 1, 
            "content_type": 40
        }
    }, 
    {
        "pk": 81, 
        "model": "admin.logentry", 
        "fields": {
            "action_flag": 1, 
            "action_time": "2013-02-19T21:44:43.963Z", 
            "object_repr": "Proyecto interagencial", 
            "object_id": "9", 
            "change_message": "", 
            "user": 1, 
            "content_type": 11
        }
    }, 
    {
        "pk": 80, 
        "model": "admin.logentry", 
        "fields": {
            "action_flag": 1, 
            "action_time": "2013-02-15T07:37:26.532Z", 
            "object_repr": "Administraci\u00f3n de Asuntos de Energ\u00e9ticos", 
            "object_id": "1", 
            "change_message": "", 
            "user": 1, 
            "content_type": 34
        }
    }, 
    {
        "pk": 79, 
        "model": "admin.logentry", 
        "fields": {
            "action_flag": 1, 
            "action_time": "2013-02-15T07:36:54.238Z", 
            "object_repr": "EasyFW", 
            "object_id": "1", 
            "change_message": "", 
            "user": 1, 
            "content_type": 32
        }
    }, 
    {
        "pk": 78, 
        "model": "admin.logentry", 
        "fields": {
            "action_flag": 1, 
            "action_time": "2013-02-15T07:36:41.363Z", 
            "object_repr": "Visual Studio", 
            "object_id": "1", 
            "change_message": "", 
            "user": 1, 
            "content_type": 30
        }
    }, 
    {
        "pk": 77, 
        "model": "admin.logentry", 
        "fields": {
            "action_flag": 1, 
            "action_time": "2013-02-15T07:36:31.973Z", 
            "object_repr": "NetBackup", 
            "object_id": "1", 
            "change_message": "", 
            "user": 1, 
            "content_type": 31
        }
    }, 
    {
        "pk": 76, 
        "model": "admin.logentry", 
        "fields": {
            "action_flag": 1, 
            "action_time": "2013-02-15T07:36:23.953Z", 
            "object_repr": "Symantec", 
            "object_id": "1", 
            "change_message": "", 
            "user": 1, 
            "content_type": 33
        }
    }, 
    {
        "pk": 75, 
        "model": "admin.logentry", 
        "fields": {
            "action_flag": 1, 
            "action_time": "2013-02-15T05:40:48.488Z", 
            "object_repr": "Router", 
            "object_id": "1", 
            "change_message": "", 
            "user": 1, 
            "content_type": 29
        }
    }, 
    {
        "pk": 74, 
        "model": "admin.logentry", 
        "fields": {
            "action_flag": 1, 
            "action_time": "2013-02-15T05:38:03.665Z", 
            "object_repr": "MetroNet", 
            "object_id": "4", 
            "change_message": "", 
            "user": 1, 
            "content_type": 28
        }
    }, 
    {
        "pk": 73, 
        "model": "admin.logentry", 
        "fields": {
            "action_flag": 1, 
            "action_time": "2013-02-15T05:37:57.423Z", 
            "object_repr": "PRTC", 
            "object_id": "3", 
            "change_message": "", 
            "user": 1, 
            "content_type": 28
        }
    }, 
    {
        "pk": 72, 
        "model": "admin.logentry", 
        "fields": {
            "action_flag": 1, 
            "action_time": "2013-02-15T05:37:54.145Z", 
            "object_repr": "Sprint", 
            "object_id": "2", 
            "change_message": "", 
            "user": 1, 
            "content_type": 28
        }
    }, 
    {
        "pk": 71, 
        "model": "admin.logentry", 
        "fields": {
            "action_flag": 1, 
            "action_time": "2013-02-15T05:37:50.198Z", 
            "object_repr": "AT&T", 
            "object_id": "1", 
            "change_message": "", 
            "user": 1, 
            "content_type": 28
        }
    }, 
    {
        "pk": 70, 
        "model": "admin.logentry", 
        "fields": {
            "action_flag": 1, 
            "action_time": "2013-02-13T23:50:53.119Z", 
            "object_repr": "Oficina del Principal Ejecutivo de Informaci\u00f3n del Gobierno de PR", 
            "object_id": "26", 
            "change_message": "", 
            "user": 1, 
            "content_type": 9
        }
    }, 
    {
        "pk": 69, 
        "model": "admin.logentry", 
        "fields": {
            "action_flag": 1, 
            "action_time": "2013-02-13T23:50:45.296Z", 
            "object_repr": "Consejo de Desarrollo Ocupacional y Recursos Humanos", 
            "object_id": "25", 
            "change_message": "", 
            "user": 1, 
            "content_type": 9
        }
    }, 
    {
        "pk": 68, 
        "model": "admin.logentry", 
        "fields": {
            "action_flag": 1, 
            "action_time": "2013-02-13T23:50:37.404Z", 
            "object_repr": "Centro de Recaudaci\u00f3n de Ingresos Municipale", 
            "object_id": "24", 
            "change_message": "", 
            "user": 1, 
            "content_type": 9
        }
    }, 
    {
        "pk": 67, 
        "model": "admin.logentry", 
        "fields": {
            "action_flag": 1, 
            "action_time": "2013-02-13T23:50:29.647Z", 
            "object_repr": "Junta de Calidad Ambiental", 
            "object_id": "23", 
            "change_message": "", 
            "user": 1, 
            "content_type": 9
        }
    }, 
    {
        "pk": 66, 
        "model": "admin.logentry", 
        "fields": {
            "action_flag": 1, 
            "action_time": "2013-02-13T23:50:21.239Z", 
            "object_repr": "Oficina de Asuntos de la Juventud", 
            "object_id": "22", 
            "change_message": "", 
            "user": 1, 
            "content_type": 9
        }
    }, 
    {
        "pk": 65, 
        "model": "admin.logentry", 
        "fields": {
            "action_flag": 1, 
            "action_time": "2013-02-13T23:50:02.598Z", 
            "object_repr": "Oficina del Comisionado de Instituciones Financieras", 
            "object_id": "21", 
            "change_message": "", 
            "user": 1, 
            "content_type": 9
        }
    }, 
    {
        "pk": 64, 
        "model": "admin.logentry", 
        "fields": {
            "action_flag": 1, 
            "action_time": "2013-02-13T23:49:42.622Z", 
            "object_repr": "Oficina de \u00c9tica Gubernamental", 
            "object_id": "20", 
            "change_message": "", 
            "user": 1, 
            "content_type": 9
        }
    }, 
    {
        "pk": 63, 
        "model": "admin.logentry", 
        "fields": {
            "action_flag": 1, 
            "action_time": "2013-02-13T23:49:35.579Z", 
            "object_repr": "Polic\u00eda de Puerto Rico", 
            "object_id": "19", 
            "change_message": "", 
            "user": 1, 
            "content_type": 9
        }
    }, 
    {
        "pk": 62, 
        "model": "admin.logentry", 
        "fields": {
            "action_flag": 1, 
            "action_time": "2013-02-13T23:49:28.255Z", 
            "object_repr": "Oficina del Gobernador", 
            "object_id": "18", 
            "change_message": "", 
            "user": 1, 
            "content_type": 9
        }
    }, 
    {
        "pk": 61, 
        "model": "admin.logentry", 
        "fields": {
            "action_flag": 1, 
            "action_time": "2013-02-13T23:49:20.640Z", 
            "object_repr": "Oficina del Comisionado de Seguros", 
            "object_id": "17", 
            "change_message": "", 
            "user": 1, 
            "content_type": 9
        }
    }, 
    {
        "pk": 60, 
        "model": "admin.logentry", 
        "fields": {
            "action_flag": 1, 
            "action_time": "2013-02-13T23:49:14.102Z", 
            "object_repr": "Administraci\u00f3n de Asuntos de Energ\u00e9ticos", 
            "object_id": "16", 
            "change_message": "", 
            "user": 1, 
            "content_type": 9
        }
    }, 
    {
        "pk": 59, 
        "model": "admin.logentry", 
        "fields": {
            "action_flag": 1, 
            "action_time": "2013-02-13T23:49:05.796Z", 
            "object_repr": "Oficina de Gerencia y Presupuesto", 
            "object_id": "15", 
            "change_message": "", 
            "user": 1, 
            "content_type": 9
        }
    }, 
    {
        "pk": 58, 
        "model": "admin.logentry", 
        "fields": {
            "action_flag": 1, 
            "action_time": "2013-02-13T23:48:58.674Z", 
            "object_repr": "Sistema de Retiro para Maestros", 
            "object_id": "14", 
            "change_message": "", 
            "user": 1, 
            "content_type": 9
        }
    }, 
    {
        "pk": 57, 
        "model": "admin.logentry", 
        "fields": {
            "action_flag": 1, 
            "action_time": "2013-02-13T23:48:49.552Z", 
            "object_repr": "Comisi\u00f3n Industrial de Puerto Rico", 
            "object_id": "13", 
            "change_message": "", 
            "user": 1, 
            "content_type": 9
        }
    }, 
    {
        "pk": 56, 
        "model": "admin.logentry", 
        "fields": {
            "action_flag": 1, 
            "action_time": "2013-02-13T23:48:41.666Z", 
            "object_repr": "Comisi\u00f3n Estatal de Elecciones", 
            "object_id": "12", 
            "change_message": "", 
            "user": 1, 
            "content_type": 9
        }
    }, 
    {
        "pk": 55, 
        "model": "admin.logentry", 
        "fields": {
            "action_flag": 1, 
            "action_time": "2013-02-13T23:48:34.514Z", 
            "object_repr": "Adminitraci\u00f3n de Reglamentos y Permisos", 
            "object_id": "11", 
            "change_message": "", 
            "user": 1, 
            "content_type": 9
        }
    }, 
    {
        "pk": 54, 
        "model": "admin.logentry", 
        "fields": {
            "action_flag": 1, 
            "action_time": "2013-02-13T23:48:26.739Z", 
            "object_repr": "Administraci\u00f3n de los Sistemas de Retiro de los Empleados del Gobierno PR", 
            "object_id": "10", 
            "change_message": "", 
            "user": 1, 
            "content_type": 9
        }
    }, 
    {
        "pk": 53, 
        "model": "admin.logentry", 
        "fields": {
            "action_flag": 1, 
            "action_time": "2013-02-13T23:48:14.249Z", 
            "object_repr": "Administraci\u00f3n de la Industria y el Deporte H\u00edpico", 
            "object_id": "9", 
            "change_message": "", 
            "user": 1, 
            "content_type": 9
        }
    }, 
    {
        "pk": 52, 
        "model": "admin.logentry", 
        "fields": {
            "action_flag": 1, 
            "action_time": "2013-02-13T23:48:05.260Z", 
            "object_repr": "Administraci\u00f3n de Vivienda P\u00fablica", 
            "object_id": "8", 
            "change_message": "", 
            "user": 1, 
            "content_type": 9
        }
    }, 
    {
        "pk": 51, 
        "model": "admin.logentry", 
        "fields": {
            "action_flag": 1, 
            "action_time": "2013-02-13T23:47:55.584Z", 
            "object_repr": "Departamento de Educaci\u00f3n", 
            "object_id": "7", 
            "change_message": "", 
            "user": 1, 
            "content_type": 9
        }
    }, 
    {
        "pk": 50, 
        "model": "admin.logentry", 
        "fields": {
            "action_flag": 1, 
            "action_time": "2013-02-13T23:47:46.996Z", 
            "object_repr": "Negociado de la Loter\u00eda de Puerto Rico", 
            "object_id": "6", 
            "change_message": "", 
            "user": 1, 
            "content_type": 9
        }
    }, 
    {
        "pk": 49, 
        "model": "admin.logentry", 
        "fields": {
            "action_flag": 1, 
            "action_time": "2013-02-13T23:47:38.539Z", 
            "object_repr": "Negociado de Auditor\u00eda Fiscal", 
            "object_id": "5", 
            "change_message": "", 
            "user": 1, 
            "content_type": 9
        }
    }, 
    {
        "pk": 48, 
        "model": "admin.logentry", 
        "fields": {
            "action_flag": 1, 
            "action_time": "2013-02-13T23:47:29.786Z", 
            "object_repr": "Departamento de Hacienda", 
            "object_id": "4", 
            "change_message": "", 
            "user": 1, 
            "content_type": 9
        }
    }, 
    {
        "pk": 47, 
        "model": "admin.logentry", 
        "fields": {
            "action_flag": 1, 
            "action_time": "2013-02-13T23:23:00.394Z", 
            "object_repr": "Departamento de Agricultura", 
            "object_id": "3", 
            "change_message": "", 
            "user": 1, 
            "content_type": 9
        }
    }, 
    {
        "pk": 46, 
        "model": "admin.logentry", 
        "fields": {
            "action_flag": 1, 
            "action_time": "2013-02-13T23:22:51.320Z", 
            "object_repr": "Oficina del Contralor de Puerto Rico", 
            "object_id": "2", 
            "change_message": "", 
            "user": 1, 
            "content_type": 9
        }
    }, 
    {
        "pk": 45, 
        "model": "admin.logentry", 
        "fields": {
            "action_flag": 1, 
            "action_time": "2013-02-13T23:15:38.863Z", 
            "object_repr": "Test project", 
            "object_id": "1", 
            "change_message": "", 
            "user": 1, 
            "content_type": 17
        }
    }, 
    {
        "pk": 44, 
        "model": "admin.logentry", 
        "fields": {
            "action_flag": 1, 
            "action_time": "2013-02-13T15:45:29.982Z", 
            "object_repr": "OGP", 
            "object_id": "1", 
            "change_message": "", 
            "user": 1, 
            "content_type": 9
        }
    }, 
    {
        "pk": 43, 
        "model": "admin.logentry", 
        "fields": {
            "action_flag": 1, 
            "action_time": "2013-02-13T15:44:48.388Z", 
            "object_repr": "Compartir Oportunidades de Adiestramiento", 
            "object_id": "5", 
            "change_message": "", 
            "user": 1, 
            "content_type": 16
        }
    }, 
    {
        "pk": 42, 
        "model": "admin.logentry", 
        "fields": {
            "action_flag": 1, 
            "action_time": "2013-02-13T15:44:30.078Z", 
            "object_repr": "Compartir Recursos Humanos", 
            "object_id": "4", 
            "change_message": "", 
            "user": 1, 
            "content_type": 16
        }
    }, 
    {
        "pk": 41, 
        "model": "admin.logentry", 
        "fields": {
            "action_flag": 1, 
            "action_time": "2013-02-13T15:44:19.934Z", 
            "object_repr": "Compartir Recursos de Programaci\u00f3n", 
            "object_id": "3", 
            "change_message": "", 
            "user": 1, 
            "content_type": 16
        }
    }, 
    {
        "pk": 40, 
        "model": "admin.logentry", 
        "fields": {
            "action_flag": 1, 
            "action_time": "2013-02-13T15:43:51.173Z", 
            "object_repr": "Compartir Equipo (Hardware)", 
            "object_id": "2", 
            "change_message": "", 
            "user": 1, 
            "content_type": 16
        }
    }, 
    {
        "pk": 39, 
        "model": "admin.logentry", 
        "fields": {
            "action_flag": 1, 
            "action_time": "2013-02-13T15:43:42.968Z", 
            "object_repr": "Compartir Datos", 
            "object_id": "1", 
            "change_message": "", 
            "user": 1, 
            "content_type": 16
        }
    }, 
    {
        "pk": 38, 
        "model": "admin.logentry", 
        "fields": {
            "action_flag": 1, 
            "action_time": "2013-02-13T15:43:21.122Z", 
            "object_repr": "Desarrollo o Mejoras a las Pol\u00edticas de Compra y Arrendamiento", 
            "object_id": "3", 
            "change_message": "", 
            "user": 1, 
            "content_type": 15
        }
    }, 
    {
        "pk": 37, 
        "model": "admin.logentry", 
        "fields": {
            "action_flag": 1, 
            "action_time": "2013-02-13T15:43:02.861Z", 
            "object_repr": "Infraestructura de Comunicaci\u00f3n", 
            "object_id": "2", 
            "change_message": "", 
            "user": 1, 
            "content_type": 15
        }
    }, 
    {
        "pk": 36, 
        "model": "admin.logentry", 
        "fields": {
            "action_flag": 1, 
            "action_time": "2013-02-13T15:42:50.631Z", 
            "object_repr": "Reclutamiento y Retenci\u00f3n de Personal", 
            "object_id": "1", 
            "change_message": "", 
            "user": 1, 
            "content_type": 15
        }
    }, 
    {
        "pk": 35, 
        "model": "admin.logentry", 
        "fields": {
            "action_flag": 1, 
            "action_time": "2013-02-13T15:42:10.363Z", 
            "object_repr": "Otros", 
            "object_id": "5", 
            "change_message": "", 
            "user": 1, 
            "content_type": 14
        }
    }, 
    {
        "pk": 34, 
        "model": "admin.logentry", 
        "fields": {
            "action_flag": 1, 
            "action_time": "2013-02-13T15:42:06.507Z", 
            "object_repr": "Actualizar el Equipo", 
            "object_id": "4", 
            "change_message": "", 
            "user": 1, 
            "content_type": 14
        }
    }, 
    {
        "pk": 33, 
        "model": "admin.logentry", 
        "fields": {
            "action_flag": 1, 
            "action_time": "2013-02-13T15:41:58.578Z", 
            "object_repr": "Eliminar Procedimientos Manuales", 
            "object_id": "3", 
            "change_message": "", 
            "user": 1, 
            "content_type": 14
        }
    }, 
    {
        "pk": 32, 
        "model": "admin.logentry", 
        "fields": {
            "action_flag": 1, 
            "action_time": "2013-02-13T15:41:50.320Z", 
            "object_repr": "Mejorar Servicios a la Clientela", 
            "object_id": "2", 
            "change_message": "", 
            "user": 1, 
            "content_type": 14
        }
    }, 
    {
        "pk": 31, 
        "model": "admin.logentry", 
        "fields": {
            "action_flag": 1, 
            "action_time": "2013-02-13T15:41:38.408Z", 
            "object_repr": "Generar Econom\u00edas", 
            "object_id": "1", 
            "change_message": "", 
            "user": 1, 
            "content_type": 14
        }
    }, 
    {
        "pk": 30, 
        "model": "admin.logentry", 
        "fields": {
            "action_flag": 1, 
            "action_time": "2013-02-13T15:40:52.310Z", 
            "object_repr": "Mantenimiento", 
            "object_id": "7", 
            "change_message": "", 
            "user": 1, 
            "content_type": 13
        }
    }, 
    {
        "pk": 29, 
        "model": "admin.logentry", 
        "fields": {
            "action_flag": 1, 
            "action_time": "2013-02-13T15:40:48.737Z", 
            "object_repr": "Producci\u00f3n", 
            "object_id": "6", 
            "change_message": "", 
            "user": 1, 
            "content_type": 13
        }
    }, 
    {
        "pk": 28, 
        "model": "admin.logentry", 
        "fields": {
            "action_flag": 1, 
            "action_time": "2013-02-13T15:40:44.319Z", 
            "object_repr": "Pruebas", 
            "object_id": "5", 
            "change_message": "", 
            "user": 1, 
            "content_type": 13
        }
    }, 
    {
        "pk": 27, 
        "model": "admin.logentry", 
        "fields": {
            "action_flag": 1, 
            "action_time": "2013-02-13T15:40:41.095Z", 
            "object_repr": "Desarollo", 
            "object_id": "4", 
            "change_message": "", 
            "user": 1, 
            "content_type": 13
        }
    }, 
    {
        "pk": 26, 
        "model": "admin.logentry", 
        "fields": {
            "action_flag": 1, 
            "action_time": "2013-02-13T15:40:36.862Z", 
            "object_repr": "Implementaci\u00f3n", 
            "object_id": "3", 
            "change_message": "", 
            "user": 1, 
            "content_type": 13
        }
    }, 
    {
        "pk": 25, 
        "model": "admin.logentry", 
        "fields": {
            "action_flag": 1, 
            "action_time": "2013-02-13T15:40:30.103Z", 
            "object_repr": "An\u00e1lisis y Dise\u00f1o", 
            "object_id": "2", 
            "change_message": "", 
            "user": 1, 
            "content_type": 13
        }
    }, 
    {
        "pk": 24, 
        "model": "admin.logentry", 
        "fields": {
            "action_flag": 1, 
            "action_time": "2013-02-13T15:40:20.184Z", 
            "object_repr": "Planificaci\u00f3n", 
            "object_id": "1", 
            "change_message": "", 
            "user": 1, 
            "content_type": 13
        }
    }, 
    {
        "pk": 23, 
        "model": "admin.logentry", 
        "fields": {
            "action_flag": 1, 
            "action_time": "2013-02-13T15:39:59.180Z", 
            "object_repr": "2015-2016", 
            "object_id": "6", 
            "change_message": "", 
            "user": 1, 
            "content_type": 10
        }
    }, 
    {
        "pk": 22, 
        "model": "admin.logentry", 
        "fields": {
            "action_flag": 1, 
            "action_time": "2013-02-13T15:39:46.621Z", 
            "object_repr": "2014-2015", 
            "object_id": "5", 
            "change_message": "", 
            "user": 1, 
            "content_type": 10
        }
    }, 
    {
        "pk": 21, 
        "model": "admin.logentry", 
        "fields": {
            "action_flag": 1, 
            "action_time": "2013-02-13T15:39:41.849Z", 
            "object_repr": "2013-2014", 
            "object_id": "4", 
            "change_message": "", 
            "user": 1, 
            "content_type": 10
        }
    }, 
    {
        "pk": 20, 
        "model": "admin.logentry", 
        "fields": {
            "action_flag": 1, 
            "action_time": "2013-02-13T15:39:33.200Z", 
            "object_repr": "2012-2013", 
            "object_id": "3", 
            "change_message": "", 
            "user": 1, 
            "content_type": 10
        }
    }, 
    {
        "pk": 19, 
        "model": "admin.logentry", 
        "fields": {
            "action_flag": 1, 
            "action_time": "2013-02-13T15:39:28.167Z", 
            "object_repr": "2011-2012", 
            "object_id": "2", 
            "change_message": "", 
            "user": 1, 
            "content_type": 10
        }
    }, 
    {
        "pk": 18, 
        "model": "admin.logentry", 
        "fields": {
            "action_flag": 1, 
            "action_time": "2013-02-13T15:39:24.553Z", 
            "object_repr": "2010-2011", 
            "object_id": "1", 
            "change_message": "", 
            "user": 1, 
            "content_type": 10
        }
    }, 
    {
        "pk": 17, 
        "model": "admin.logentry", 
        "fields": {
            "action_flag": 1, 
            "action_time": "2013-02-13T15:39:02.889Z", 
            "object_repr": "Otras", 
            "object_id": "9", 
            "change_message": "", 
            "user": 1, 
            "content_type": 12
        }
    }, 
    {
        "pk": 16, 
        "model": "admin.logentry", 
        "fields": {
            "action_flag": 1, 
            "action_time": "2013-02-13T15:38:56.509Z", 
            "object_repr": "Migraci\u00f3n a nuevas versiones", 
            "object_id": "8", 
            "change_message": "", 
            "user": 1, 
            "content_type": 12
        }
    }, 
    {
        "pk": 15, 
        "model": "admin.logentry", 
        "fields": {
            "action_flag": 1, 
            "action_time": "2013-02-13T15:38:47.719Z", 
            "object_repr": "Mejoras a Infraestructura del Centro de C\u00f3mputos", 
            "object_id": "7", 
            "change_message": "", 
            "user": 1, 
            "content_type": 12
        }
    }, 
    {
        "pk": 14, 
        "model": "admin.logentry", 
        "fields": {
            "action_flag": 1, 
            "action_time": "2013-02-13T15:38:27.308Z", 
            "object_repr": "Comunicaciones -- Redes", 
            "object_id": "6", 
            "change_message": "", 
            "user": 1, 
            "content_type": 12
        }
    }, 
    {
        "pk": 13, 
        "model": "admin.logentry", 
        "fields": {
            "action_flag": 1, 
            "action_time": "2013-02-13T15:38:16.285Z", 
            "object_repr": "Seguridad de Estructura y Activos del Gobierno", 
            "object_id": "5", 
            "change_message": "", 
            "user": 1, 
            "content_type": 12
        }
    }, 
    {
        "pk": 12, 
        "model": "admin.logentry", 
        "fields": {
            "action_flag": 1, 
            "action_time": "2013-02-13T15:38:03.472Z", 
            "object_repr": "Seguridad del Ciudadano", 
            "object_id": "4", 
            "change_message": "", 
            "user": 1, 
            "content_type": 12
        }
    }, 
    {
        "pk": 11, 
        "model": "admin.logentry", 
        "fields": {
            "action_flag": 1, 
            "action_time": "2013-02-13T15:37:55.298Z", 
            "object_repr": "Seguridad de Infraestructura", 
            "object_id": "3", 
            "change_message": "", 
            "user": 1, 
            "content_type": 12
        }
    }, 
    {
        "pk": 10, 
        "model": "admin.logentry", 
        "fields": {
            "action_flag": 1, 
            "action_time": "2013-02-13T15:37:44.907Z", 
            "object_repr": "Recursos Humanos", 
            "object_id": "2", 
            "change_message": "", 
            "user": 1, 
            "content_type": 12
        }
    }, 
    {
        "pk": 9, 
        "model": "admin.logentry", 
        "fields": {
            "action_flag": 1, 
            "action_time": "2013-02-13T15:37:38.079Z", 
            "object_repr": "Financiero", 
            "object_id": "1", 
            "change_message": "", 
            "user": 1, 
            "content_type": 12
        }
    }, 
    {
        "pk": 8, 
        "model": "admin.logentry", 
        "fields": {
            "action_flag": 1, 
            "action_time": "2013-02-13T15:37:07.993Z", 
            "object_repr": "Otros", 
            "object_id": "8", 
            "change_message": "", 
            "user": 1, 
            "content_type": 11
        }
    }, 
    {
        "pk": 7, 
        "model": "admin.logentry", 
        "fields": {
            "action_flag": 1, 
            "action_time": "2013-02-13T15:37:05.743Z", 
            "object_repr": "Pol\u00edticas de TIG", 
            "object_id": "7", 
            "change_message": "", 
            "user": 1, 
            "content_type": 11
        }
    }, 
    {
        "pk": 6, 
        "model": "admin.logentry", 
        "fields": {
            "action_flag": 1, 
            "action_time": "2013-02-13T15:36:56.554Z", 
            "object_repr": "Orden Ejecutiva", 
            "object_id": "6", 
            "change_message": "", 
            "user": 1, 
            "content_type": 11
        }
    }, 
    {
        "pk": 5, 
        "model": "admin.logentry", 
        "fields": {
            "action_flag": 1, 
            "action_time": "2013-02-13T15:36:49.578Z", 
            "object_repr": "Normas", 
            "object_id": "5", 
            "change_message": "", 
            "user": 1, 
            "content_type": 11
        }
    }, 
    {
        "pk": 4, 
        "model": "admin.logentry", 
        "fields": {
            "action_flag": 1, 
            "action_time": "2013-02-13T15:36:42.726Z", 
            "object_repr": "Reglamentaci\u00f3n", 
            "object_id": "4", 
            "change_message": "", 
            "user": 1, 
            "content_type": 11
        }
    }, 
    {
        "pk": 3, 
        "model": "admin.logentry", 
        "fields": {
            "action_flag": 1, 
            "action_time": "2013-02-13T15:36:34.180Z", 
            "object_repr": "Ley", 
            "object_id": "3", 
            "change_message": "", 
            "user": 1, 
            "content_type": 11
        }
    }, 
    {
        "pk": 2, 
        "model": "admin.logentry", 
        "fields": {
            "action_flag": 1, 
            "action_time": "2013-02-13T15:36:30.307Z", 
            "object_repr": "Iniciativas", 
            "object_id": "2", 
            "change_message": "", 
            "user": 1, 
            "content_type": 11
        }
    }, 
    {
        "pk": 1, 
        "model": "admin.logentry", 
        "fields": {
            "action_flag": 1, 
            "action_time": "2013-02-13T15:36:23.781Z", 
            "object_repr": "Compromiso Program\u00e1tico del Programa de Gobierno", 
            "object_id": "1", 
            "change_message": "", 
            "user": 1, 
            "content_type": 11
        }
    }, 
    {
        "pk": 1, 
        "model": "common.autoadminsingleton", 
        "fields": {
            "lock_id": "1", 
            "account": null, 
            "password": null, 
            "password_hash": null
        }
    }, 
    {
        "pk": 2, 
        "model": "workflows.workflowtypeaction", 
        "fields": {
            "allow_runtime_assignee_group": false, 
            "description": "", 
            "workflow_type": 1, 
            "auto_assignee_group": null, 
            "auto_assignee_user": null, 
            "connections": [], 
            "allow_runtime_assignee_user": false, 
            "state": 3, 
            "required_permission": null, 
            "label": "Aprobar proyecto"
        }
    }, 
    {
        "pk": 3, 
        "model": "workflows.workflowtypeaction", 
        "fields": {
            "allow_runtime_assignee_group": false, 
            "description": "", 
            "workflow_type": 1, 
            "auto_assignee_group": null, 
            "auto_assignee_user": null, 
            "connections": [
                1
            ], 
            "allow_runtime_assignee_user": false, 
            "state": 1, 
            "required_permission": null, 
            "label": "Crear proyecto"
        }
    }, 
    {
        "pk": 4, 
        "model": "workflows.workflowtypeaction", 
        "fields": {
            "allow_runtime_assignee_group": false, 
            "description": "", 
            "workflow_type": 1, 
            "auto_assignee_group": null, 
            "auto_assignee_user": null, 
            "connections": [
                1
            ], 
            "allow_runtime_assignee_user": false, 
            "state": 1, 
            "required_permission": null, 
            "label": "Objetar proyecto"
        }
    }, 
    {
        "pk": 5, 
        "model": "workflows.workflowtypeaction", 
        "fields": {
            "allow_runtime_assignee_group": false, 
            "description": "", 
            "workflow_type": 1, 
            "auto_assignee_group": null, 
            "auto_assignee_user": null, 
            "connections": [], 
            "allow_runtime_assignee_user": false, 
            "state": 4, 
            "required_permission": null, 
            "label": "Rechazar proyecto"
        }
    }, 
    {
        "pk": 1, 
        "model": "workflows.workflowtypeaction", 
        "fields": {
            "allow_runtime_assignee_group": false, 
            "description": "", 
            "workflow_type": 1, 
            "auto_assignee_group": 1, 
            "auto_assignee_user": null, 
            "connections": [
                2, 
                4, 
                5
            ], 
            "allow_runtime_assignee_user": false, 
            "state": 2, 
            "required_permission": null, 
            "label": "Someter proyecto"
        }
    }, 
    {
        "pk": 1, 
        "model": "workflows.workflowinstancehistory", 
        "fields": {
            "assignee_user": null, 
            "datetime_created": "2013-02-21T07:17:59.068Z", 
            "assignee_group": null, 
            "comments": "", 
            "user": 1, 
            "workflow_type_action": 3, 
            "workflow_instance": 1
        }
    }, 
    {
        "pk": 2, 
        "model": "workflows.workflowinstancehistory", 
        "fields": {
            "assignee_user": null, 
            "datetime_created": "2013-02-21T07:18:14.269Z", 
            "assignee_group": null, 
            "comments": "", 
            "user": 1, 
            "workflow_type_action": 1, 
            "workflow_instance": 1
        }
    }, 
    {
        "pk": 5, 
        "model": "workflows.workflowinstancehistory", 
        "fields": {
            "assignee_user": null, 
            "datetime_created": "2013-02-22T00:15:38.137Z", 
            "assignee_group": null, 
            "comments": "Favor de corregir la dirrecci\u00f3n.\r\n\r\nAtt Roberto Rosario", 
            "user": 1, 
            "workflow_type_action": 4, 
            "workflow_instance": 1
        }
    }, 
    {
        "pk": 6, 
        "model": "workflows.workflowinstancehistory", 
        "fields": {
            "assignee_user": null, 
            "datetime_created": "2013-02-22T00:16:01.730Z", 
            "assignee_group": null, 
            "comments": "Sometido de nuevo", 
            "user": 1, 
            "workflow_type_action": 1, 
            "workflow_instance": 1
        }
    }, 
    {
        "pk": 7, 
        "model": "workflows.workflowinstancehistory", 
        "fields": {
            "assignee_user": null, 
            "datetime_created": "2013-02-22T00:17:46.223Z", 
            "assignee_group": null, 
            "comments": "Objetado por segunda vez, corregir data de presupuesto", 
            "user": 1, 
            "workflow_type_action": 4, 
            "workflow_instance": 1
        }
    }, 
    {
        "pk": 8, 
        "model": "workflows.workflowinstancehistory", 
        "fields": {
            "assignee_user": null, 
            "datetime_created": "2013-02-22T00:19:07.821Z", 
            "assignee_group": null, 
            "comments": "Se corrigio el presupuesto", 
            "user": 1, 
            "workflow_type_action": 1, 
            "workflow_instance": 1
        }
    }, 
    {
        "pk": 9, 
        "model": "workflows.workflowinstancehistory", 
        "fields": {
            "assignee_user": null, 
            "datetime_created": "2013-02-22T15:58:32.364Z", 
            "assignee_group": null, 
            "comments": "", 
            "user": 1, 
            "workflow_type_action": 4, 
            "workflow_instance": 1
        }
    }, 
    {
        "pk": 10, 
        "model": "workflows.workflowinstancehistory", 
        "fields": {
            "assignee_user": null, 
            "datetime_created": "2013-02-22T20:57:51.111Z", 
            "assignee_group": null, 
            "comments": "", 
            "user": 1, 
            "workflow_type_action": 1, 
            "workflow_instance": 1
        }
    }
]